"Word","Auditory.mean","Gustatory.mean","Haptic.mean","Interoceptive.mean","Olfactory.mean","Visual.mean","Foot_leg.mean","Hand_arm.mean","Head.mean","Mouth.mean","Torso.mean","Auditory.SD","Gustatory.SD","Haptic.SD","Interoceptive.SD","Olfactory.SD","Visual.SD","Foot_leg.SD","Hand_arm.SD","Head.SD","Mouth.SD","Torso.SD"
"A",2.214,0,0.429,0,0,2.429,0,0.357,1.071,0.357,0,2.259,0,0.938,0,0,2.409,0,1.336,2.129,1.336,0
"ABOVE",0.294,0,0.471,0.824,0,3.235,1.048,1.857,2.667,0.619,1.143,0.588,0,0.943,1.237,0,1.921,1.532,1.905,2.266,1.359,1.652
"AFTER",1,0.1,0.05,0.75,0.05,1.05,1.263,1.316,2.421,1.368,1.105,1.717,0.447,0.224,1.41,0.224,1.701,1.759,1.797,2.364,2.033,1.729
"AIRPLANE",3.111,0.056,1.5,0.611,0.222,4.167,1.5,1.8,3.2,0.95,1.7,1.641,0.236,1.724,1.335,0.732,1.689,1.85,1.795,1.852,1.605,1.895
"ALL",2.125,0.812,2.062,1.312,0.812,3.25,1.571,2.048,2.667,2,1.524,2.277,1.682,2.112,2.024,1.682,1.807,2.014,2.109,2.352,2.191,2.112
"ALLIGATOR",2.375,1.188,1.875,0.5,0.5,4.812,0.632,1.316,2.316,1,0.526,1.746,1.682,2.217,1.265,1.095,0.403,1.3,1.765,2.335,1.856,1.307
"ANIMAL",3.444,1.111,3.278,0.333,2.056,4.556,1.25,3.1,3.45,1.3,1.45,1.688,1.53,1.742,1.029,1.697,0.705,1.97,2.15,1.986,1.949,1.877
"ANKLE",0.485,0.03,3.606,1.485,0.03,4.091,4.895,0.526,0.684,0,0,1.064,0.174,1.435,1.938,0.174,1.308,0.315,0.964,1.493,0,0
"ANOTHER",1.375,0.375,1.062,0.375,0.438,2.438,0.389,1.611,2.111,0.722,0.389,1.708,0.619,1.289,0.806,0.814,1.896,1.145,2.09,2.139,1.487,1.037
"ANT",0.467,0.133,2.133,0.133,0.467,4.267,0.842,1.368,2.263,0.263,0.421,1.356,0.516,2.1,0.516,1.356,1.223,1.463,1.571,2.232,1.147,1.305
"APPLE",0.778,4.833,3.278,0.278,2.556,4.056,0.053,2.421,1.579,3.789,0.158,1.114,0.383,1.776,0.461,1.79,1.589,0.229,1.924,1.953,1.653,0.501
"ARM",0.182,0.091,3.939,2.545,0.121,3.818,0.053,4.842,1.158,0,0.737,0.528,0.292,1.6,2.063,0.415,1.776,0.229,0.501,1.951,0,1.447
"AROUND",1.158,0.263,1.105,0.737,0.368,2.842,1.389,1.278,2.333,0.611,0.889,1.385,0.653,1.329,1.327,0.761,1.893,1.944,1.809,2.029,1.195,1.491
"ASLEEP",0.895,0.105,0.263,3.158,0.105,2.211,2.882,2.765,4.118,1.882,3.118,1.41,0.459,0.653,1.803,0.459,1.903,2.205,2.195,1.654,2.147,2.058
"AUNT",2.278,0,1.167,0.667,0.5,3.167,0.4,0.85,2.15,0.85,0.9,2.218,0,1.654,1.328,0.924,1.823,1.142,1.785,2.39,1.785,1.683
"AWAKE",2,0.526,0.842,3.789,1,3.526,1.684,1.842,4.263,1.526,1.684,1.886,1.577,1.675,1.584,1.915,1.806,2.001,2.141,1.327,1.775,1.916
"AWAY",1.062,0.125,0.688,1.469,0.469,2.594,1.545,1.121,2.061,0.667,1.061,1.703,0.554,1.469,1.934,1.244,2.227,1.905,1.691,2.045,1.472,1.713
"BABY",4.048,0.524,4.048,1.952,3.143,4.381,0.667,2.5,2.611,0.944,1.278,1.359,1.078,1.359,1.774,1.558,1.465,0.97,1.855,1.914,1.11,1.638
"BACK",0.406,0.062,1.969,1.344,0.156,2.781,1.031,1.188,1.531,0.625,2.969,0.979,0.246,2.024,1.638,0.574,1.93,1.616,1.768,1.9,1.362,2.221
"BAD",2.65,1.3,1.1,2.5,1.45,2.7,1.421,1.947,3.263,2.105,1.579,1.755,1.593,1.518,2.013,1.849,1.689,1.644,1.9,1.91,1.941,1.981
"BALL",0.765,0.059,3.118,0.118,0,3.824,2.19,3.905,1.905,0.524,0.667,1.251,0.243,1.616,0.332,0,1.38,2.04,1.179,1.921,1.078,1.155
"BALLOON",1.389,0.222,3.167,0.222,0.444,4.222,0.429,2.333,1.952,1.476,0.81,1.787,0.732,1.79,0.732,0.922,1.353,0.978,2.106,2.133,1.861,1.401
"BANANA",0.158,4.474,2.211,0.158,2.474,3.895,0.056,2.778,1.889,4.056,0.611,0.501,1.073,1.686,0.375,1.349,1.243,0.236,1.957,1.875,1.662,1.243
"BASEMENT",0.65,0,1.65,0.45,1.85,4.15,1.895,1.053,2.158,0.368,0.684,0.988,0,1.785,0.999,1.531,1.309,1.912,1.615,2.141,1.012,1.416
"BASKET",0.062,0,4.375,0,0.062,4.625,0.333,3.19,1.619,0.286,0.381,0.25,0,1.408,0,0.25,1.025,1.155,1.99,2.061,0.902,0.865
"BAT",1.947,0.053,2.579,0.158,0.105,4.053,0.522,2.609,1.696,0.217,0.435,1.353,0.229,2.194,0.501,0.459,1.508,1.039,2.148,2.098,0.6,0.896
"BATH",1.632,0,4.158,2,1.158,4.158,3.55,3.7,2.9,1.15,3.8,1.499,0,1.425,1.944,1.537,1.344,1.731,1.658,1.917,1.694,1.609
"BATHROOM",1.35,0,2.25,0.8,2,4.7,2.632,2.579,2.158,0.737,3,1.531,0,1.888,1.542,1.717,0.571,1.77,1.774,1.864,1.447,2.055
"BATHTUB",1.278,0,3.333,1.444,1.222,4,2.421,2.474,2.684,0.947,2.526,1.994,0,1.609,1.886,1.665,1.455,1.71,1.645,1.945,1.81,1.712
"BE",1.706,1.059,1.294,2.029,1.029,1.824,1.579,1.842,3,1.474,1.842,2.097,1.808,1.931,2.067,1.8,2.153,1.865,1.864,2.028,1.926,1.834
"BEACH",2.444,0.222,2.222,0.167,2.389,4.444,3.421,2.632,3.105,0.947,2.105,1.854,0.428,1.801,0.707,1.539,0.705,1.71,2.033,2.079,1.311,1.761
"BEAD",0.611,0.444,2.889,0.278,0.333,3.778,0.524,2.429,1.762,0.714,0.762,1.29,1.338,1.906,0.958,0.84,1.665,1.25,1.912,1.998,1.419,1.446
"BEAN",0.222,3.778,1.889,0.167,1.278,3.111,0.118,2.529,2.294,3.706,0.412,0.428,1.592,1.605,0.383,1.602,1.491,0.485,1.94,1.993,1.961,1.228
"BEAR",3.263,0.368,1.526,0.368,0.632,4.316,1.143,1.143,2.286,1.048,0.952,1.79,1.165,1.867,1.212,1.3,1.204,1.905,1.852,2.171,1.83,1.687
"BECAUSE",1.421,0.053,0.053,0.632,0.053,0.684,0.05,0.3,1.6,1.1,0.05,1.953,0.229,0.229,1.422,0.229,1.293,0.224,1.129,2.113,1.744,0.224
"BED",0.895,0.263,4.421,1.474,0.842,4.105,3.048,3,3.714,0.952,3.381,1.049,0.806,0.838,1.775,1.463,1.449,1.962,1.949,1.821,1.564,1.962
"BEDROOM",1,0.294,2.412,1.059,0.941,4.529,2,1.85,2.85,0.75,1.85,1.541,0.985,1.77,1.56,1.345,0.943,1.835,1.843,2.007,1.41,2.033
"BEE",2.778,0,0.611,0.278,0,4.5,0.818,2,2.5,0.545,0.818,2.016,0,1.145,0.958,0,0.707,1.532,2.047,2.064,1.335,1.532
"BEFORE",1.059,0.294,0.412,0.588,0.294,1.588,0.619,0.667,1.952,0.667,0.524,1.749,0.588,1.176,1.326,0.772,2.063,1.431,1.494,2.109,1.494,1.401
"BEHIND",0.947,0.105,1,1.053,0.368,3.526,1.842,1.263,3,0.684,1.789,1.268,0.459,1.528,1.84,1.012,1.389,1.642,1.558,1.856,1.157,1.653
"BELT",0.333,0.167,3.278,0.333,0.333,4,0.65,3.05,1.2,0.3,2.95,0.686,0.707,1.447,0.767,0.97,1.328,1.496,2.139,1.824,1.129,2.305
"BENCH",0.316,0,3.316,0.158,0.211,3.895,1.895,1.474,0.947,0.105,2.053,1.157,0,1.6,0.501,0.535,1.1,1.663,1.806,0.97,0.315,2.013
"BETTER",1.706,0.706,1,2.118,0.765,2.294,0.805,0.951,2.39,1.122,0.902,2.054,1.359,1.581,1.965,1.393,2.257,1.52,1.642,1.961,1.676,1.625
"BICYCLE",1.25,0.15,3.25,0.95,0.2,3.7,4.278,3.389,1.889,0.722,2.444,1.585,0.489,1.682,1.432,0.894,1.949,1.565,1.944,2.055,1.602,1.977
"BIG",0.944,0.167,2.722,0.333,0.111,3.889,1,1.9,3.1,1.35,0.95,1.305,0.707,1.994,0.97,0.471,1.875,1.298,1.997,1.917,1.631,1.395
"BIRD",3.68,0.8,1.4,0.16,0.8,4.12,0.375,1.583,3.375,0.542,0.292,1.796,1.472,1.756,0.624,1.443,1.394,0.97,1.692,1.861,1.318,0.69
"BITE",1,0.625,2.125,2,0,3.125,0.295,0.574,1.277,4.745,0.347,1.592,1.455,2.419,2.251,0,1.962,0.914,1.227,1.784,0.816,0.978
"BLACK",0.059,0.059,0.118,0.353,0.059,4.471,0.4,0.65,2.55,0.4,0.55,0.243,0.243,0.485,0.996,0.243,1.375,0.883,1.137,2.139,0.681,0.999
"BLANKET",0.211,0.053,4.158,0.684,0.947,3.368,2.5,3.4,1.4,0.45,2.65,0.419,0.229,1.463,1.108,1.311,2.033,1.96,1.635,1.501,0.887,2.134
"BLOCK",0.946,0.27,2.27,0.568,0.216,3.459,1.867,3.067,2.2,0.9,1.933,1.508,0.838,1.953,1.281,0.712,1.693,1.592,1.53,1.827,1.447,1.639
"BLOW",2.294,0.824,2.235,2.059,0.294,3.588,0.048,0.571,1.095,3.476,0.714,1.687,1.425,1.821,1.784,0.849,1.543,0.218,1.287,1.446,2.015,1.419
"BLUE",0.25,0,0.15,0.5,0,4.45,0.111,0.111,3.389,0.333,0.389,1.118,0,0.489,1.051,0,1.146,0.323,0.323,1.975,0.97,1.195
"BOAT",1.895,0.263,2.158,0.421,0.632,3.632,1.429,2,1.905,0.19,1.429,1.853,1.147,2.062,1.216,1.535,1.739,1.72,2.074,1.998,0.68,1.502
"BOOK",1.15,0.05,2.9,0.4,0.6,4.5,0.5,3.136,4.091,0.955,0.545,1.725,0.224,1.774,1.273,1.231,0.761,1.263,1.642,1.63,1.397,1.101
"BOOT",0.474,0,3.053,0.211,0.737,3.368,4.048,1.143,0.81,0.238,0.143,1.219,0,1.682,0.535,1.327,1.892,1.658,1.74,1.365,0.539,0.478
"BOTTLE",0.765,0.294,2.706,0,0.353,4.176,0.368,3.632,1.737,2.842,0.526,1.251,0.686,1.759,0,1.057,1.286,0.684,1.383,1.821,1.864,0.964
"BOWL",0.947,0.053,4.211,0,0.053,4.526,1.381,2.905,1.571,1,1.381,1.545,0.229,1.316,0,0.229,1.219,1.802,1.972,1.748,1.517,1.627
"BOX",0.105,0,3.421,0.053,0.105,4.368,0.842,2.684,1.789,0.632,0.895,0.315,0,1.575,0.229,0.315,1.012,1.259,2.212,1.903,1.571,1.37
"BOY",2.438,0.312,1.312,0.25,0.5,4,1.684,2,2.789,1.632,1.632,1.825,0.793,1.58,0.683,1.317,1.549,2.11,2.134,2.149,2.033,2.06
"BREAD",0.158,4.421,3.105,1,3,3.842,0,2.429,1.619,4.619,0.381,0.375,1.216,1.524,1.667,1.764,1.675,0,1.859,2.085,1.117,0.865
"BREAK",2.412,0.176,2.353,1.118,0.176,2.765,1.952,2.857,1.952,1.143,1.095,2.152,0.728,1.73,1.616,0.728,2.107,1.987,1.797,1.91,1.621,1.578
"BREAKFAST",1.125,4.625,1.875,1.375,3.875,3.75,0.368,2.474,2.684,4.421,1.263,1.5,0.719,2.062,1.821,1.258,1.528,0.831,1.982,1.857,1.071,1.821
"BRING",1.45,0.45,2.25,1.1,0.4,2.9,2.632,3.316,1.474,0.947,1.579,1.761,0.887,2.023,1.41,0.883,1.774,1.802,1.455,1.806,1.649,1.895
"BROOM",1.5,0,3.722,0.056,0.056,4.167,1.227,3.955,1.409,0.091,0.909,1.79,0,1.364,0.236,0.236,1.581,1.445,1.618,1.919,0.294,1.151
"BROTHER",3.105,0.263,1.947,1.053,1.263,3.842,0.421,1.316,3.105,1.105,0.737,1.792,1.147,1.929,1.615,1.661,1.608,0.838,1.336,1.696,1.197,1.368
"BROWN",0.5,0.192,0.192,0.192,0.192,4.385,0.368,0.474,2.684,0.158,0.316,1.449,0.694,0.694,0.694,0.567,1.235,1.212,1.307,2.382,0.688,1.157
"BRUSH",1.278,0.222,3.389,1.111,0.222,3.278,0.368,3.632,2.368,1.158,0.526,1.227,0.548,1.754,1.278,0.732,1.934,0.761,1.77,2.191,1.979,1.264
"BUBBLE",0.706,0.706,2.059,0.412,0.529,4.647,0.095,1.429,2,2.19,0.143,0.985,1.404,1.784,1.004,1.125,0.493,0.436,1.599,1.897,1.887,0.655
"BUCKET",0.824,0.353,2.647,0.471,0.412,3.941,0.7,2.45,1.75,0.2,0.55,1.425,0.996,1.998,1.179,1.004,1.391,1.525,2.089,2.074,0.523,1.276
"BUG",2.19,0.571,2.571,0.333,0.238,4.19,1.421,2.211,2.421,1.105,0.632,1.778,1.248,1.777,0.856,0.539,1.167,1.774,1.813,1.774,1.729,1.257
"BUILD",1.529,0,2.882,0.176,0.294,3.529,1.474,3.947,2.737,0.947,1.421,1.546,0,2.027,0.529,1.213,1.7,1.679,1.393,2.051,1.615,1.774
"BUMP",1.346,0.154,3.923,1.846,0.192,2.423,2.762,3.048,2,0.619,2.81,1.573,0.613,1.468,1.891,0.634,1.901,1.758,1.857,1.703,1.244,1.914
"BUNNY",1.6,0.5,3.2,0.3,1.1,4.6,0.526,2.105,3.316,0.211,0.263,1.847,1.235,1.765,0.923,1.553,0.94,1.124,2.079,1.797,0.918,0.733
"BUS",3.263,0,1.368,0.211,0.421,4.263,2.45,2.6,2.45,0.8,1.8,1.558,0,1.257,0.713,0.769,1.408,1.905,1.957,1.959,1.361,1.735
"BUTTER",0.389,4.611,2.833,0.444,2.611,3.778,0.056,2.5,2.389,4.444,0.5,1.243,0.778,2.093,1.338,2.004,1.896,0.236,1.978,2.253,1.199,1.295
"BUTTERFLY",0.188,0.125,1.25,0.562,0,4.562,0.4,1.25,2.35,0.25,0.3,0.403,0.342,1.732,1.153,0,1.263,1.142,1.832,2.183,0.639,0.733
"BUTTOCK",0.211,0.316,2.684,0.474,0.737,4.105,1.235,1.588,1.765,0.353,2.412,0.631,0.946,2.056,0.905,1.447,1.595,1.751,2.063,2.047,0.862,2.093
"BUTTON",0.375,0,3.875,0,0,3.75,0.154,4.231,2.231,0.154,0.231,1.025,0,1.544,0,0,1.612,0.555,1.235,2.006,0.376,0.832
"BUY",1.889,0.833,1.389,1.167,0.722,3.556,1,2.556,2.778,1.778,0.778,1.875,1.425,1.577,1.425,1.179,1.504,1.645,1.688,1.833,1.629,1.396
"BYE",4.211,0.263,0.526,1.211,0.316,3.263,0.75,3.15,2.25,3.25,0.75,1.134,1.147,1.577,1.813,1.157,2.182,1.517,1.954,2.268,2.268,1.585
"CAKE",0.222,4.444,2.444,0.889,3.111,4,0.211,1.737,1.842,3.895,1.053,0.732,1.381,2.036,1.676,1.745,1.414,0.918,1.661,2.089,1.792,1.715
"CAMERA",1.2,0.15,3.65,0.35,0.2,4.4,0.65,3.6,2.75,0.65,0.8,1.673,0.489,1.694,1.089,0.696,0.94,1.348,1.789,2.149,1.424,1.436
"CAMP",1.842,0.526,1.895,0.474,1.526,3.526,2.619,2.476,2.857,1.476,1.905,1.425,1.172,1.56,1.073,1.349,1.744,1.857,1.834,1.982,1.537,1.729
"CANDY",0.588,4.235,2.647,0.882,2.353,3.882,0.3,2.15,1.7,4.55,1.05,1.278,1.522,1.766,1.495,1.967,1.409,0.733,1.785,1.75,0.945,1.572
"CAR",3.389,0,2.778,0.444,1.5,4.389,3,3.684,3.474,0.421,1.895,1.72,0,1.801,1.042,1.689,1.335,1.795,1.668,1.867,0.769,1.56
"CAREFUL",1.889,0.389,1.389,2.556,0.278,2.722,1.316,1.895,2.789,1.684,1.053,1.779,1.195,1.754,1.886,1.179,1.841,1.668,1.997,1.751,1.857,1.545
"CARROT",0.444,4.389,2.889,0.889,2.389,3.667,0.095,2.524,1.905,4.524,0.667,0.856,1.195,1.875,1.711,1.975,1.495,0.436,1.806,1.998,1.167,1.56
"CARRY",0.429,0.095,3.048,0.762,0.095,2.381,1.81,4.762,1.238,0.238,2.048,0.926,0.436,1.83,1.375,0.436,1.687,1.601,0.436,1.578,0.539,1.717
"CAT",3.526,0.263,3.632,0.105,1.579,4.789,1.053,2.842,2.842,0.579,1.474,1.541,1.147,1.739,0.459,1.539,0.535,1.615,2.167,1.803,1.071,1.712
"CATCH",1.176,0,3.353,0.412,0,4.059,1.105,4.263,2.105,0.421,1.158,1.629,0,2.029,0.87,0,1.345,1.487,1.195,1.761,0.769,1.537
"CEREAL",1.412,4.588,2.353,0.647,2.294,3.765,0.056,1.722,1.333,3.722,0.778,1.228,0.87,1.766,1.272,1.649,1.3,0.236,1.965,2,2.109,1.396
"CHAIR",0.35,0,3.75,0,0,4.35,3.158,2.789,2.158,0.316,2.842,0.988,0,1.164,0,0,1.04,1.834,1.96,2.089,0.946,1.951
"CHALK",1.364,0.591,3.591,0.273,1.227,4.136,0.333,3.952,1.81,0.524,0.476,1.62,0.666,1.297,0.767,1.51,0.941,0.796,1.465,1.99,1.03,1.167
"CHASE",0.882,0.176,0.294,0.471,0,3.471,3.619,1.381,1.524,0.238,1.333,1.054,0.728,0.849,0.943,0,1.841,1.564,1.746,1.806,0.625,1.683
"CHEEK",0.632,0.632,2.947,1.105,0.211,3.947,0.316,1.526,3.158,1.632,0.316,1.461,1.422,1.715,1.761,0.535,1.311,0.946,1.867,2.243,1.739,0.671
"CHEESE",0.375,3.938,2.25,0,3.062,3.25,0.05,2.25,2.35,4.05,0.85,0.885,1.526,1.612,0,1.569,1.483,0.224,1.86,1.899,1.849,1.663
"CHILD",3.267,0.067,2.267,0.867,1.4,4.2,1.55,2.3,2.4,1.75,1.2,1.981,0.258,1.831,1.246,1.298,1.32,1.905,1.809,1.93,2.023,1.852
"CHOCOLATE",0.611,4.556,2.444,1.111,3.444,3.389,0.15,2.1,2.3,4.5,0.7,1.378,0.705,1.381,1.605,1.042,1.037,0.366,1.832,2.08,1.235,1.174
"CHURCH",3.75,0.05,1.4,1.25,0.65,4.25,2.105,2.526,4.053,2.316,1.842,1.552,0.224,1.729,1.446,0.933,1.372,1.792,1.806,1.545,2.001,1.922
"CIRCUS",3.706,0.294,0.706,0.471,2.176,4.235,0.9,0.85,2,0.75,0.9,1.572,0.772,1.16,1.068,1.944,1.522,1.619,1.599,2.224,1.585,1.651
"CLIMB",0.684,0.263,2.368,1.579,0.158,2.737,4.25,4.2,2.65,0.75,3.3,1.293,0.933,1.95,1.71,0.688,2.077,1.585,1.642,2.007,1.333,2.003
"CLOCK",2.579,0.053,1.474,0.474,0.105,4.316,0.176,1.529,2.941,0.353,0.118,1.644,0.229,1.504,1.02,0.459,0.885,0.529,1.7,1.919,0.862,0.332
"CLOSE",2.526,0.421,2.368,1.368,0.684,3.842,1.381,2.762,3,1.381,1.524,2.195,1.17,1.978,1.832,1.529,1.922,1.465,1.546,2.025,1.596,1.861
"CLOSET",0.19,0,1.429,0.095,0.333,4.143,1.105,1.579,1.474,0.158,0.368,0.68,0,1.568,0.436,0.913,1.352,1.729,1.981,1.982,0.688,0.831
"CLOUD",0,0,0.35,0.05,0.15,4.9,0.318,0.364,2.909,0.364,0.227,0,0,0.933,0.224,0.366,0.447,1.129,1.136,2.18,1.136,1.066
"CLOWN",2.6,0,0.95,0.45,0.15,4.05,1.5,1.682,3.045,1.318,1.5,2.113,0,1.669,1.05,0.489,1.791,1.655,1.81,1.731,1.836,1.655
"COAT",0.361,0,4,0.528,0.667,3.861,0.333,2.857,0.476,0.095,2.905,1.099,0,1.171,1.32,1.309,1.355,0.913,1.878,1.078,0.301,2.211
"COFFEE",1,4.611,1.722,1.556,4.278,4,0.19,2,2.143,4.095,1.286,1.328,1.243,1.674,2.093,1.32,1.328,0.68,2.049,2.128,1.786,1.586
"COKE",0.947,4.184,1.263,1.237,1.5,3.579,0,1.947,1.947,4.105,0.263,1.432,1.486,1.719,1.601,1.538,1.328,0,2.121,2.297,1.761,0.806
"COLD",0.368,1.263,4.105,3.526,0.316,1.684,3.263,3.526,3.263,2.053,3.632,1.165,1.727,1.197,1.712,0.946,1.945,2.077,1.954,2.023,2.368,1.978
"COMB",0.579,0,4.158,0.842,0.053,3.895,0,3.9,4.1,0.1,0.15,1.17,0,1.463,1.537,0.229,1.524,0,1.774,1.619,0.447,0.671
"COOK",2.688,2.625,2.875,0.938,4.25,4.25,1.045,4.273,3.5,2.091,0.727,2.089,2.391,2.094,1.879,1.183,1.183,1.676,1.12,1.739,2.18,1.279
"COOKIE",0.45,4,2.8,0.55,3.35,4,0,2.2,1.8,4.3,1.35,1.146,1.686,1.852,1.146,1.663,1.026,0,1.881,1.735,1.49,1.785
"CORN",0.632,4.579,3.053,1.263,2.842,4.105,0.474,2.579,1.579,3.684,0.368,1.165,0.769,1.649,1.851,1.951,1.1,1.073,2.116,1.924,2.083,0.895
"COUCH",0.316,0.053,3.526,0.526,0.684,4.105,3.619,2.81,2.429,0.762,3.619,0.749,0.229,1.712,1.429,1.416,1.37,1.717,2.089,2.158,1.546,1.687
"COUNTRY",1.882,0.294,0.353,0.353,0.471,2.882,1.211,1.158,3,1.421,0.789,1.833,0.985,0.862,0.702,1.007,1.867,1.475,1.344,2.028,1.677,1.398
"COVER",0.758,0,2.576,0.303,0.182,3.212,1.344,3,2,1.188,1.344,1.173,0,1.768,0.728,0.465,1.673,1.753,2.032,1.918,1.491,1.715
"COW",2.75,1.25,2.15,0.45,2.4,3.95,0.286,1.762,2,0.857,0.429,2.023,1.65,2.207,1.276,1.875,1.638,0.561,1.921,1.975,1.352,1.076
"COWBOY",2.118,0.471,1.176,0.824,1,3.882,1.583,2.083,2.417,1.5,1.417,1.867,1.179,1.741,1.551,1.62,1.616,2.109,2.193,2.234,1.732,1.832
"CRACKER",1.158,4.526,2.632,0.632,1.579,3.316,0.263,2.158,1.737,3.368,0.474,1.537,0.772,1.832,1.422,1.61,1.668,0.562,1.834,1.661,1.95,0.905
"CRAYON",0.158,0.316,3.316,0,0.895,4.053,0.095,3.095,2,0.095,0.143,0.501,0.478,1.701,0,1.286,1.393,0.436,2.211,2.121,0.436,0.478
"CRIB",0.529,0,1.824,0.294,0.118,3.647,0.353,2.059,2.235,0.706,0.765,1.375,0,1.704,1.213,0.485,1.618,1.222,2.045,2.078,1.49,1.437
"CRY",3.812,0.5,0.625,3.875,0.062,4.062,0.5,1.05,4.35,2.7,1.4,1.515,0.966,0.806,1.204,0.25,1.124,1.147,1.504,1.089,2.13,1.93
"CUP",0.688,1.125,3.688,0.312,0.688,4.5,0.25,3.8,1.95,3.15,0.45,0.946,1.668,1.448,1.014,1.014,0.816,0.639,1.576,1.986,1.927,0.999
"CUT",0.95,0.05,3.45,2.15,0.1,3.25,1.263,4.211,1.842,1.053,1.316,1.276,0.224,1.82,2.134,0.308,1.773,1.727,1.273,1.922,1.58,1.668
"CUTE",1.778,0.167,0.444,1.389,0.056,4.167,0.85,1.05,3.75,1.7,1.6,1.7,0.707,1.199,1.787,0.236,1.465,1.268,1.504,1.713,1.838,1.789
"DADDY",3.722,0,2.111,1.278,1.056,3.944,1,1.421,2.421,1.421,1.105,1.742,0,2.083,1.965,1.765,1.662,1.732,1.924,2.036,1.981,1.761
"DANCE",1.474,0,1.842,2.526,0.053,4.474,4.55,3.65,2.55,0.8,3.4,1.679,0,1.893,1.954,0.229,1.219,0.887,1.387,1.932,1.24,1.392
"DARK",0.263,0.079,0.105,0.711,0.132,4.684,0.545,0.848,3.636,0.485,0.455,0.95,0.487,0.388,1.25,0.475,1.042,1.148,1.564,1.95,0.906,0.938
"DAY",1.263,0.263,0.789,1.158,0.684,4.211,1.333,1.333,2.444,1.222,1.222,1.558,1.147,1.437,1.537,1.336,1.357,1.94,1.94,2.064,1.801,1.833
"DEER",1.842,0.684,1.053,0.263,0.842,4.368,0.222,0.667,1.056,0.167,0.111,1.708,1.157,1.268,0.653,1.119,1.212,0.732,1.283,1.765,0.707,0.471
"DIAPER",0.294,0.118,2.353,0.294,2.941,3.235,0.857,1.714,1.81,0.571,1.286,0.985,0.485,1.618,1.213,1.919,1.921,1.558,1.927,2.064,1.399,1.901
"DINNER",1.235,4.824,2.118,1.235,3.647,4.059,1.105,2.053,2.474,4,1.368,1.48,0.529,1.691,1.48,1.272,1.144,1.969,2.068,2.195,1.856,1.862
"DIRTY",0.5,0.8,2.75,0.6,2.75,4.25,2.263,3.105,2.947,1.895,2.158,1.192,1.399,1.888,1.273,1.997,1.02,2.023,1.997,1.9,1.912,2.035
"DISH",0.556,0.611,3.667,0.056,0.333,4,0.05,2.7,1.3,0.45,0.05,0.922,1.501,1.414,0.236,1.029,1.414,0.224,1.867,1.78,1.05,0.224
"DO",1.217,0.957,1.348,2.478,0.826,1.696,3.737,3.947,3.579,2.947,3.368,1.757,1.796,2.058,1.78,1.749,1.769,1.759,1.649,1.677,2.041,1.892
"DOCTOR",3.176,0,0.471,0.706,0.176,4,1.526,2.368,3,2.789,1.789,1.704,0,1.068,1.404,0.529,1.323,1.926,2.006,2,2.149,1.96
"DOG",4.118,0.588,3.824,0.647,2.824,4.588,1,3.632,2.947,1.158,1,1.269,1.176,1.51,1.32,1.912,0.87,1.374,1.77,1.649,1.537,1.247
"DOLL",0.588,0,3.059,0.059,0.118,4.118,0.455,1.909,1.818,0.409,0.682,0.939,0,1.983,0.243,0.332,1.166,0.963,1.849,2.015,0.908,1.249
"DONUT",0.5,4.55,3.3,0.6,3.6,3.9,0.048,2.381,2,3.857,1.524,1.318,0.887,2.003,1.429,1.698,1.41,0.218,1.936,1.949,2.032,2.112
"DOOR",1.647,0,2.765,0,0,4.647,1.684,4.158,1.895,0.684,1.053,1.272,0,1.786,0,0,0.606,1.945,1.573,2.105,1.416,1.779
"DOWN",1.222,0.278,0.611,2.611,0.278,3.278,0.75,0.8,1.75,0.65,0.55,1.833,1.179,1.378,2.304,1.179,1.994,1.446,1.508,2.049,1.348,1.099
"DOWNTOWN",2.188,0.125,0.688,0.438,0.625,4.312,2.4,1.95,2.3,1.6,1.15,1.721,0.5,1.078,0.964,1.147,1.401,2.088,2.038,2.25,2.01,1.814
"DRAW",0.312,0,2.375,0.5,0.062,4.062,0,4.056,2.722,0.056,0.444,0.704,0,1.857,1.317,0.25,1.569,0,1.662,2.109,0.236,1.042
"DRAWER",1.412,0.176,2.706,0.235,0.118,3.647,0.55,3.5,2.3,0.2,0.7,1.543,0.728,1.724,0.752,0.485,1.539,1.234,1.85,1.867,0.696,1.261
"DRESS",0.353,0,3.412,0.529,0.059,4.353,2.211,2.526,2.368,0.316,2.789,0.996,0,2.063,1.281,0.243,1.057,2.275,2.17,2.166,0.82,2.043
"DRIVE",1.944,0,2.667,1.389,0.222,4.111,4,4.476,4.238,0.81,2.667,1.924,0,2.086,1.754,0.732,1.278,1.378,0.928,1.411,1.569,2.033
"DROP",1.882,0.294,1.529,0.765,0,3.765,1.474,3.526,1.789,0.895,1.263,1.833,1.213,1.875,1.393,0,1.348,1.577,1.389,1.873,1.487,1.593
"DRYER",2.706,0,2.294,0.235,0.412,4.059,0.75,3.15,1.8,0.65,0.75,1.49,0,2.024,0.752,0.618,1.345,1.482,2.059,1.963,1.348,1.446
"DUCK",3.316,2.263,2.053,0.316,0.789,4.421,1.143,1.381,2.667,0.667,1.381,1.336,1.996,1.929,0.82,1.273,0.838,1.74,1.658,1.798,1.528,1.884
"DUMP",1.263,0,0.895,0.526,1.632,3.316,1.238,3.048,2.19,0.857,1.619,1.727,0,1.329,1.073,2.241,1.945,1.64,1.936,2.182,1.276,1.83
"EAR",2.778,0.056,3.056,1.444,0.278,3.833,0.048,0.762,3.619,0.19,0.095,2.264,0.236,1.893,1.977,0.826,1.425,0.218,1.446,2.109,0.68,0.436
"EAT",1.263,4.526,2.158,2.474,2.421,2.632,0.05,2.9,2,4.85,1.6,1.485,1.307,1.74,1.806,1.575,1.862,0.224,1.744,1.717,0.366,1.635
"EGG",0.875,4.062,3.188,0.25,2.938,3.562,0.429,2,1.714,2.857,0.476,1.544,1.731,2.04,0.577,1.769,1.788,1.248,1.761,1.765,2.007,1.25
"ELEPHANT",3.35,0,1.95,0.55,1.95,4.35,0.429,0.762,2.048,0.286,0.19,1.843,0,1.986,1.356,1.791,1.309,1.028,1.338,2.085,0.902,0.512
"EMPTY",0.824,0.235,2.118,2,0.176,4.059,0.158,1.053,1.421,0.526,0.895,1.551,0.752,1.996,2,0.529,1.029,0.501,1.649,1.895,1.02,1.37
"EYE",0.278,0.056,1.5,1.056,0,4.611,0,0.238,5,0.143,0,1.179,0.236,1.823,1.349,0,1.195,0,0.625,0,0.478,0
"FACE",0.25,0.35,3.1,0.45,0.3,4.95,0.1,0.8,4.6,2.85,0.2,0.91,0.813,1.944,1.146,0.801,0.224,0.308,1.24,0.754,2.059,0.696
"FALL",2.5,0,1.611,2.389,0.5,4.167,3,2.619,2.048,1.048,2.476,1.724,0,1.944,2.004,1.2,1.043,2.214,2.156,2.376,1.884,2.136
"FARM",1.941,0.176,1.588,0.412,2.588,4,2.421,2.789,2.684,0.579,1.526,1.749,0.728,1.839,0.939,2.033,1.225,1.865,1.96,1.797,1.017,1.645
"FAST",1.842,0,1.105,2.158,0,3.421,3.158,2.158,2.263,1.526,1.895,1.537,0,1.41,1.951,0,1.465,2.035,2.035,2.13,1.744,1.941
"FEE",1.722,0.167,0.333,0.222,0.222,2.222,0.095,0.952,2.429,0.952,0.143,1.809,0.707,0.84,0.732,0.732,1.801,0.301,1.431,2.014,1.627,0.478
"FIND",1.889,0.167,1.833,0.167,0.389,3.444,0.9,1.65,2.15,0.65,0.35,1.811,0.514,1.978,0.383,0.979,1.79,1.518,2.134,2.323,1.531,1.182
"FINE",1.316,0.579,1.105,2.368,0.526,2.316,1,1.762,2.619,1.429,1,1.6,1.305,1.696,1.95,1.307,1.945,1.924,2.047,2.061,2.135,1.924
"FINGER",0.158,0.632,4.105,0.789,0.368,3.947,0.176,4.588,1.412,0.176,0.176,0.375,1.383,1.329,1.512,0.831,1.471,0.728,1.228,2.152,0.728,0.728
"FINISH",1.688,0.562,1,1.562,0.312,3.062,1.722,1.833,1.722,1.333,1.111,1.815,0.964,1.549,1.75,0.704,1.843,2.081,2.093,2.191,1.91,1.906
"FIREMAN",2.556,0,1.056,0.222,0.333,4.444,1.368,1.421,2.579,1.263,1.158,1.822,0,1.731,0.943,1.029,1.097,2.06,2.009,2.09,2.051,2.062
"FIRST",1.438,0.25,0.625,1.312,0.312,3.188,0.789,1,1.421,1,0.895,1.861,1,1.36,1.74,1.014,1.974,1.548,1.667,1.865,1.732,1.56
"FIX",1.611,0.444,2.111,0.5,0.278,3.722,1,3.55,2.7,1.5,1.25,2.004,1.247,2.139,1.339,1.179,1.809,1.556,1.669,1.867,1.878,1.773
"FLAG",0.667,0,1.778,0.056,0,4.167,0.368,2.316,2.474,0.632,0.316,1.138,0,1.987,0.236,0,1.465,1.165,1.887,2.065,1.571,1.157
"FLOWER",0.278,1.167,3.333,1,4.389,4.278,0.55,3.1,3.7,0.25,0.55,0.958,1.689,1.715,1.68,0.916,1.227,1.395,1.971,2.003,0.716,1.317
"FOOD",1.579,4.579,3.579,1.368,4.105,4.105,0.174,2.348,2.261,3.87,1.217,1.644,0.902,1.502,1.892,1.197,1.243,0.491,2.102,2.179,1.914,1.783
"FOOT",0.684,0.053,2.737,0.632,1,4.105,4.526,0.526,0.368,0.158,0.158,1.204,0.229,1.851,1.461,1.106,1.243,1.073,1.02,0.895,0.688,0.688
"FOR",1.053,0,0.211,0.105,0.053,1,0.55,0.6,1.65,1.2,0.45,1.682,0,0.713,0.315,0.229,1.453,1.432,1.429,2.059,1.795,1.395
"FORK",0.833,0.722,3.667,0.056,0.167,4.111,0.45,4.45,1.65,3.15,0.55,1.543,1.179,1.495,0.236,0.383,1.183,1.276,0.887,1.927,2.059,1.234
"FRIEND",3.053,0.421,2.105,1.842,0.789,3.737,0.944,1.556,2.222,1.889,1,1.779,1.305,1.853,1.864,1.357,1.695,1.589,1.917,1.768,1.641,1.572
"FROG",3.667,0.444,2,0.722,0.667,3.778,0.412,1.765,2.294,0.588,0.294,1.495,0.984,1.749,1.406,1.085,1.437,1.228,1.855,2.201,1.278,1.213
"FULL",0.421,1.158,1.632,4.211,0.211,1.842,1.333,2.111,2.444,2.611,3.333,1.216,1.573,1.77,1.619,0.419,2.007,1.97,1.676,1.854,2.09,1.782
"GAME",2.188,0.062,1.812,1.625,0.125,3.688,1.889,3.611,3.611,2.5,1.5,1.721,0.25,1.377,1.5,0.342,1.138,1.937,1.461,1.42,1.978,1.79
"GARAGE",1.167,0,1.278,0.5,0.611,3.722,1.944,1.667,2.722,0.056,1.278,1.79,0,2.137,0.924,1.29,2.081,1.798,1.782,1.776,0.236,1.364
"GARBAGE",0.474,0.789,2.368,0.684,4.263,4.579,0.5,1.9,2.75,0.35,0.15,1.172,1.437,1.77,1.6,0.872,0.902,0.889,1.651,1.997,0.671,0.489
"GARDEN",0.1,0.85,2.1,0.2,2.05,3.85,2.158,3.158,2.737,0.526,1.263,0.308,1.531,1.971,0.616,1.504,1.599,1.675,2.167,2.156,1.264,1.695
"GENTLE",1.947,0.053,3.263,2.158,0.263,3.263,1.789,2.947,2.789,1.947,1.789,1.615,0.229,1.727,1.979,0.653,1.098,2.275,1.957,2.097,2.172,2.175
"GET",1.471,0.647,1.529,1,0.588,2.471,1,2.952,1.571,0.952,0.667,1.7,1.498,1.94,1.732,1.417,1.94,1.378,1.987,1.859,1.687,1.238
"GIRAFFE",1.556,0,1.056,0.222,1.222,4.222,0.222,0.722,2.889,0.167,0.222,1.947,0,1.765,0.732,1.801,1.629,0.548,1.018,2.055,0.707,0.732
"GIRL",3.5,0.444,2.333,0.944,1.722,4.5,1.3,1.85,2.75,2.15,1.75,1.465,1.247,2.196,1.862,1.873,0.857,1.867,1.927,2.149,2.059,2.099
"GIVE",1.889,0,1.222,1.333,0,3.556,0.81,3.333,2.381,2,0.714,1.711,0,1.665,1.97,0,1.653,1.75,1.932,2.247,2.168,1.617
"GLASS",1.211,0.211,3.368,0.105,0.184,4.211,0.15,2.85,2.05,0.7,0.2,1.63,0.664,1.422,0.388,0.652,1.166,0.489,2.11,2.064,1.418,0.523
"GLOVE",0,0,4.333,0.611,0.389,3.389,0.095,4.19,0.476,0.19,0.19,0,0,1.138,1.378,0.916,1.944,0.301,1.47,1.25,0.512,0.512
"GLUE",0.286,0.286,3.048,0.238,2.857,3.667,0.3,3.15,1.7,0.35,0.2,0.902,0.644,1.564,0.7,1.682,1.528,0.733,1.872,2.029,0.587,0.523
"GO",1.737,0.474,0.737,1.895,0.579,2.421,3.6,1.95,2.6,1.75,1.75,1.939,1.307,1.447,2.079,1.346,2.09,1.847,1.82,1.875,1.997,1.888
"GOOD",2.529,1.882,1.941,2.765,2.059,3,1.3,1.5,3.25,1.9,1.15,2.035,1.965,2.164,1.751,2.076,1.768,1.949,2.09,1.97,1.997,1.872
"GOOSE",3.526,1.632,1.632,0.211,1.211,4.105,0,1.45,2.7,0.8,0.35,1.389,1.64,1.739,0.535,1.357,0.994,0,2.012,2.203,1.642,0.988
"GRANDMA",3.765,0,1.529,0.647,0.706,4.235,0.389,2.389,2.833,2,1.056,1.562,0,1.908,1.32,1.105,1.393,0.608,2.033,2.229,2.058,1.434
"GRANDPA",2.632,0.263,1.789,0.789,1.053,3.105,0.524,1.619,2.762,1.667,0.667,2.087,1.147,1.843,1.273,1.471,1.997,1.167,1.687,2.022,1.958,0.913
"GRAPE",0.176,4.353,2.588,0.765,1.353,3.294,0.294,2.235,1.588,4.235,0.353,0.728,0.862,1.805,1.251,1.455,1.829,1.213,2.137,1.734,1.48,1.057
"GRASS",0.74,0.575,3.42,0.438,3.033,4.412,3.158,2.421,2.895,0.474,0.316,1.314,1.166,1.555,1.09,1.535,1.016,1.74,1.924,1.969,1.02,0.82
"GREEN",0.263,0.158,0.053,0.158,0.105,4.474,0.2,0.25,3.25,0.5,0.25,1.147,0.501,0.229,0.501,0.315,1.172,0.523,0.716,1.943,1.1,0.91
"GUM",1.118,3.235,2.059,0.824,1.588,2.765,0.263,0.789,0.842,4.211,0.211,1.764,1.786,1.638,1.237,1.583,1.855,0.562,1.134,1.608,1.357,0.535
"HAIR",0.5,0.222,3.778,0.278,1.944,4.389,0.905,2.19,4.048,0.524,1.048,1.2,0.428,1.263,0.575,1.955,0.916,1.221,1.662,1.564,0.873,1.244
"HAMBURGER",0.412,4.882,2.588,0.647,3.471,3.941,0.278,3.278,2.333,4.111,1.333,0.795,0.485,2.063,1.412,1.463,1.519,0.669,1.638,1.94,1.676,1.609
"HAMMER",3.526,0.263,3.526,0.579,0.368,4.211,0.579,4.421,2.421,0.632,1.105,1.577,1.147,1.611,1.17,1.212,0.976,1.346,1.017,2.009,1.461,1.729
"HAND",0.65,0.15,3.65,0.95,0.3,4.25,0.158,4.421,0.947,0.158,0.211,1.309,0.671,1.694,1.538,1.129,1.41,0.375,1.427,1.682,0.501,0.535
"HAPPY",3.357,0.786,1,4.5,0.643,3.571,0.895,1.158,3.526,2.737,1,1.499,1.424,1.414,1.286,1.393,1.158,1.629,1.864,1.645,2.207,1.732
"HARD",1.15,0.2,4.55,1.5,0.05,2.9,1.714,3.143,2.571,1.095,1.238,1.496,0.696,0.686,1.85,0.224,1.553,1.927,1.905,2.087,1.841,1.998
"HAT",0.059,0,3.059,0.294,0.294,4.471,0.25,1.35,4.3,0.4,0.25,0.243,0,1.435,0.849,1.213,0.943,0.786,1.599,1.418,1.095,0.786
"HATE",2.684,0.211,1.053,3.579,0.316,2.789,0.714,1.19,2.952,1.952,0.857,1.916,0.535,1.615,1.677,0.82,1.932,1.271,1.721,1.936,2.061,1.389
"HAVE",1.45,0.85,1.8,1.1,0.5,2.45,0.737,2.211,1.895,1.263,0.684,1.572,1.599,2.016,1.744,0.946,1.849,1.447,2.123,1.883,1.727,1.529
"HE",3.167,0.556,1.944,1.389,1.222,3.722,0.476,0.762,2,1.333,0.619,1.618,1.294,1.83,1.72,1.396,1.708,1.25,1.375,2.121,1.853,1.396
"HEAD",1.053,0.474,3,0.842,0.737,4.474,0.158,0.737,4.632,2.789,0.368,1.649,1.02,1.795,1.642,1.408,1.124,0.375,1.147,1.116,2.275,0.831
"HEAR",4.611,0,0.111,0.5,0,0.056,0.158,0.474,4.684,0.474,0.526,1.243,0,0.471,1.043,0,0.236,0.501,1.073,1.157,1.307,1.073
"HEAVY",0.438,0.125,3.312,1.688,0.188,2.125,2.474,4.211,2.105,1.211,2.368,0.964,0.5,1.991,1.852,0.75,1.821,1.611,1.084,2.025,1.718,1.802
"HELICOPTER",4.647,0,1.235,0.588,0.235,4.765,0.944,1.278,2.778,0.667,0.944,0.862,0,1.985,1.176,0.664,0.664,1.798,1.841,2.211,1.609,1.798
"HELP",2.923,0.538,1.423,1.423,0.346,3.154,2.19,2.952,3.381,2.667,2.048,2.153,1.24,1.793,1.501,0.977,2.014,2.064,1.987,1.802,2.082,2.061
"HEN",2.944,1.333,1.944,0.556,1.5,4.222,0.75,1.65,2,0.8,0.35,1.893,1.94,1.83,1.199,1.654,0.878,1.713,2.183,2.103,1.508,1.137
"HER",2.848,0.667,2.152,1.061,1.212,4.242,2.3,2.9,3.05,2.9,2.6,1.839,1.534,1.839,1.713,1.673,1.275,2.203,2.174,2.164,1.971,2.037
"HERE",1.389,0.222,1.5,0.722,0.444,3.333,1.381,1.762,2.238,1.19,0.952,1.914,0.732,1.978,1.274,1.338,2.275,1.962,1.972,1.972,1.887,1.746
"HI",3.474,0.053,0.105,0.316,0,2.158,0.412,2.824,2,3.471,0.353,1.775,0.229,0.315,0.749,0,1.979,1.278,2.128,1.871,1.94,0.996
"HIDE",1,0.25,0.45,0.5,0.3,3.25,2.632,2.263,2.579,1.263,2.368,1.717,0.786,1.276,1.235,0.733,1.832,2.14,1.851,2.116,1.628,2.06
"HIGH",0.944,0.167,1.111,2.444,0.722,3.167,0.667,1.333,3.238,1.571,0.762,1.552,0.707,1.451,1.854,1.364,1.79,1.39,1.826,1.814,1.859,1.48
"HIM",2.559,0.735,1.794,1.294,1.412,3.206,0.838,1.459,2.703,1.703,1.135,1.941,1.524,1.871,1.818,1.69,2.027,1.59,1.909,2.039,2.012,1.798
"HIT",1.8,0.6,3.05,2.15,0.65,3.15,1.65,3.9,1.8,0.4,1.1,1.795,1.569,1.986,2.3,1.631,1.843,1.872,1.714,1.576,0.94,1.619
"HOLD",0.353,0,4.353,0.647,0,3.588,0.684,4.579,1.632,1.316,0.789,0.786,0,1.115,1.412,0,1.622,1.003,0.961,2.114,1.6,1.134
"HOME",1.091,0.318,2.091,1.727,1.682,4,2.053,2.737,4.421,2.105,2.158,1.192,0.646,1.9,1.751,1.585,1.48,2.198,2.281,1.305,2.307,2.243
"HORSE",3.294,0.235,3.412,0.176,1.588,4.647,2.7,3.1,2.45,1.05,1.85,1.49,0.752,1.121,0.529,1.417,0.862,1.922,1.861,2.089,1.572,1.872
"HOSE",1,0,2.941,0,0,3.824,0.333,3.381,0.952,0.333,0.524,1.696,0,1.952,0,0,1.741,0.658,1.774,1.322,1.065,0.928
"HOT",0.647,1.765,4.118,2.412,0.824,1.706,3,3.579,3.368,3.053,2.947,1.367,2.047,1.453,2.063,1.237,2.024,1.826,1.805,1.739,1.957,1.985
"HOUSE",0.438,0.062,1.875,0.688,0.938,4.875,2.571,2.429,3.429,0.857,1.619,1.031,0.25,1.962,1.195,1.526,0.5,2.111,1.989,1.912,1.195,1.936
"HOW",1.8,0.667,1.333,1.133,0.733,1.667,0.941,1.059,2.529,2.118,1,1.935,1.496,1.718,1.642,1.58,1.952,1.784,1.819,2.154,2.205,1.904
"HUG",0.688,0.312,4.438,2.75,0.438,2.5,0.176,4.176,1.824,0.412,3.765,1.25,1.25,0.727,2.017,1.031,1.789,0.393,0.951,1.468,1.228,1.3
"HUNGRY",1.049,1.655,0.491,4.517,1.388,1.174,0.294,0.647,2.588,2.765,3.529,1.379,1.922,1.118,0.962,1.744,1.597,0.985,1.222,1.938,2.107,1.546
"HURRY",1.182,0,0.545,2.682,0,2.864,4.167,2.833,2.556,1.778,2.389,1.708,0,1.057,1.912,0,1.833,0.924,1.505,1.886,1.592,1.914
"HURT",1.722,0.333,2.056,3.944,0.333,2.611,2.75,2.85,2.9,2.7,2.8,1.904,1.188,1.984,1.349,1.188,2.033,2.099,2.059,1.944,2.13,2.067
"ICE",1.375,2.625,3.75,1.312,0.125,4.312,1.65,3.45,2.35,3.65,1.3,1.586,2.062,1.653,1.74,0.342,1.302,1.663,1.538,1.981,1.182,1.38
"INSIDE",0.611,0.111,1.111,1.444,0.167,3.111,1.75,1.75,2.35,1.35,1.85,1.29,0.471,1.451,1.886,0.707,1.745,1.773,1.803,1.814,1.663,1.814
"JACKET",0.941,0,3.882,0.941,0.176,4.118,0.5,4.1,1.7,0.2,3.5,1.519,0,1.576,1.56,0.393,0.993,1.235,1.447,1.867,0.616,1.987
"JAR",0.412,0.118,4,0,0.118,4.529,0,3.381,1.619,0.381,0.143,0.87,0.485,1.173,0,0.485,0.8,0,1.687,2.012,0.973,0.478
"JEAN",0.158,0,3.211,0.211,0.316,3.632,3.238,1.238,0.762,0.19,1.381,0.375,0,1.903,0.535,0.671,1.707,2.071,1.609,1.513,0.512,1.774
"JELLY",0.333,4,3,0.556,2.389,3.667,0.2,1.7,1.6,3.55,0.5,1.029,1.645,1.91,1.199,1.539,1.609,0.696,1.625,1.759,1.849,1.1
"JUICE",0.25,4.75,0.85,0.6,2.05,3.7,0.05,2.2,1.55,4.05,1.1,0.444,0.444,1.461,1.273,1.234,1.218,0.224,1.824,1.791,1.761,1.683
"JUMP",1.556,0,1.389,2.833,0,3.944,4.85,1.7,1.3,0.3,2.55,1.617,0,1.787,1.724,0,1.392,0.489,1.689,1.75,0.923,1.849
"KEY",1.235,0,3.647,0.294,0,4.294,0,3.412,0.765,0,0,1.751,0,1.766,0.686,0,1.404,0,2.002,1.48,0,0
"KICK",0.895,0.211,3.526,1.842,0.158,3.632,4.75,0.15,0.55,0,0.65,1.15,0.631,1.611,1.608,0.501,1.461,0.786,0.366,1.146,0,0.933
"KISS",1.611,2.167,3.833,2.389,0.333,3.722,0.381,0.857,1.143,4.286,0.429,1.29,2.093,1.689,2.09,0.84,1.487,1.203,1.652,1.905,1.488,1.363
"KITCHEN",1.667,0.444,2.333,0.333,1.944,4.444,1.5,1.75,2.45,1,1.05,1.414,1.042,1.847,0.767,1.589,1.042,1.762,1.97,1.849,1.522,1.638
"KITTY",3.167,0.056,2.944,0.444,1.222,4.111,1.105,3.211,2.053,0.474,1.211,1.689,0.236,1.984,1.247,1.665,1.41,1.729,2.123,2.147,1.02,1.873
"KNEE",0.6,0,3.6,1.95,0,4.25,4.222,1.111,0.778,0,0.056,1.314,0,1.501,2.064,0,1.251,1.437,1.641,1.555,0,0.236
"KNIFE",0.667,0.278,3.222,0.278,0,4.5,0.474,3.632,1.526,0.579,0.684,1.372,1.179,1.801,1.179,0,0.924,1.219,1.921,1.982,1.305,1.293
"KNOCK",3.824,0,2.882,1,0,2,0.55,4.45,2.3,0.35,0.25,1.912,0,1.9,1.62,0,1.904,1.432,1.276,2.203,1.182,0.91
"LADDER",0.789,0.105,3.368,0.474,0.211,4.632,3.263,3.211,0.737,0,1.158,1.548,0.459,1.832,1.307,0.918,0.955,1.91,1.932,1.327,0,1.803
"LADY",2.794,0.412,1.853,0.912,1.882,4.118,1.265,1.794,3.118,1.735,1.294,1.719,1.104,1.672,1.525,1.647,1.343,1.864,2.012,1.981,2.093,1.801
"LAMB",2.941,2.941,2.294,0.176,2.294,4.294,0.3,1.5,1.95,1.85,0.65,1.886,2.045,1.795,0.529,1.724,1.047,0.571,1.606,2.164,2.033,1.137
"LAMP",0.294,0,2.529,0,0.059,4.706,0.722,2.667,2.722,0.389,0.389,0.588,0,1.807,0,0.243,0.772,1.32,1.879,1.841,0.979,0.698
"LAST",1.474,0.105,0.526,0.737,0.105,3.316,0.789,0.737,1.632,0.895,0.789,1.679,0.315,1.124,1.327,0.315,1.529,1.357,1.327,1.64,1.37,1.316
"LEG",0.529,0.118,3.118,1.294,0.235,3.824,4.4,0.6,1.25,0.3,0.45,0.874,0.332,1.576,1.49,0.752,1.59,1.569,1.142,1.888,0.733,1.191
"LICK",1.579,2.842,3.263,1.474,0.789,3.316,0.111,0.111,0.278,4.556,0.056,1.865,2.192,1.79,1.954,1.751,1.668,0.323,0.323,0.669,1.042,0.236
"LIGHT",0.2,0.05,0.6,0.4,0.05,4.6,0.211,0.842,3.579,0.368,0.211,0.696,0.224,1.095,0.821,0.224,1.188,0.535,1.608,2.219,1.212,0.535
"LIKE",1.667,1.286,1.476,3.143,1.476,1.857,1.105,1.684,3.789,2.895,1.474,1.906,1.901,1.887,1.957,1.914,2.007,1.997,2.001,1.751,2.079,2.144
"LION",3.882,0.471,1.824,0.941,0.941,4.824,0.286,0.571,2.714,0.429,0.238,1.166,1.281,2.325,1.853,1.749,0.529,1.102,1.028,1.978,1.248,0.7
"LIP",0.647,1.471,2.941,1.176,0.353,2.941,0,0.5,1.65,4.25,0,1.367,1.807,1.853,1.667,1.222,1.853,0,0.889,2.059,1.713,0
"LISTEN",4.55,0,0.05,0.5,0,1.2,0.109,0.211,4.772,0.271,0.146,0.887,0,0.224,0.946,0,1.673,0.507,0.668,0.716,0.853,0.562
"LITTLE",1.667,0.278,1.556,0.833,0.167,4.278,0.65,0.8,1.65,0.35,0.5,1.94,0.669,1.822,1.295,0.514,1.074,1.461,1.508,1.899,1.137,1.395
"LOLLIPOP",0.125,3.812,2,0.438,1.562,4,0,1.882,1.412,4.235,0.412,0.342,1.797,1.966,1.315,1.965,1.265,0,1.996,1.805,1.393,1.004
"LONG",1.529,0.294,1.941,0.824,0,3.824,1.545,1.909,2,0.682,0.909,1.663,0.985,1.853,1.468,0,1.015,1.819,1.716,1.826,1.211,1.509
"LOOK",0,0,0,0.056,0,4.222,0.35,0.4,4.55,0.55,0.5,0,0,0,0.236,0,1.437,0.813,0.995,0.826,1.317,1.147
"LOUD",4.68,0,0.08,0.96,0,0.96,0.864,1.182,3.045,3,0.773,0.748,0,0.277,1.567,0,1.369,1.612,1.868,2.214,2.16,1.478
"LOVE",2.056,0.722,3,4.389,1.056,2.667,1.5,2.444,3.667,3.611,3.333,2.014,1.32,1.782,1.335,1.589,2,2.065,2.202,1.91,1.852,1.91
"LUNCH",0.944,4.778,2.667,1.778,3.444,4,0.238,2,2.286,3.857,1.476,1.474,0.548,1.609,1.927,1.381,1.534,0.539,2.098,2.305,1.982,1.99
"MAD",3.053,0,0.263,3,0,3.158,1.105,1.579,2.789,1.842,1.158,1.985,0,0.806,1.972,0,1.893,1.853,2.036,2.149,2.192,1.922
"MAILMAN",2.278,0.167,0.667,0.333,0.333,3.889,1.05,1.65,2.35,1.1,0.6,1.708,0.707,1.645,0.97,0.97,1.451,1.959,2.007,2.059,1.714,1.536
"MAKE",2.111,1.333,3.056,1.556,1.278,3.389,0.722,3,1.722,0.667,0.722,1.875,1.91,2.1,1.854,1.809,1.819,1.018,2.223,1.602,1.188,0.895
"MAN",3.647,1.353,2.824,2.235,2.235,4.059,1.176,2.059,3.353,1.412,1.882,1.618,1.935,1.704,1.855,1.786,1.298,1.59,1.919,1.73,1.583,1.867
"ME",3.973,2.189,3.946,4.108,3.054,4.108,2.556,3.056,4,3.111,3.056,1.518,2.283,1.393,1.542,1.943,1.468,2.229,2.155,1.572,2.246,2.043
"MEAT",0.421,4.632,2.947,0.737,3.316,3.526,0.095,1.381,1.381,3.762,1.048,1.305,0.761,1.649,1.408,1.668,1.645,0.436,1.687,2.012,2.166,1.987
"MEDICINE",0.65,3.9,2.65,2.95,2.15,3.7,0.722,2,3,4,1.556,1.461,1.373,1.663,1.701,1.927,1.689,1.227,1.495,1.68,1.455,1.653
"MEOW",4.75,0.15,0.4,0.5,0.1,1.6,0.095,0.19,2.905,1.619,0.095,0.55,0.671,0.995,1.277,0.447,1.759,0.436,0.68,2.166,1.91,0.436
"MILK",0.833,4.667,1.833,1.056,1.944,4.111,0.222,1.222,1.5,4.056,1.5,1.654,0.594,2.121,1.731,1.765,1.41,0.428,1.629,1.757,1.434,1.886
"MINE",1.85,0.8,2,1.7,1.25,3.25,1.474,2.684,2.947,1.895,1.474,2.159,1.642,2.34,1.949,2.023,1.997,2.01,2.029,2.094,2.025,2.091
"MITTEN",0.5,0.25,3.95,0.9,0.15,4.1,0.158,3.737,0.263,0.053,0,1.051,0.91,1.356,1.41,0.489,0.968,0.501,1.628,0.562,0.229,0
"MOMMY",3.1,0.4,2.1,1.85,0.9,3.9,1.579,2.421,3.632,2.579,1.947,1.744,1.231,1.774,1.725,1.334,1.119,1.71,1.953,1.921,1.981,1.81
"MONEY",0.667,0,3.667,0.5,1.278,4.333,0.5,2.15,2,0.7,0.6,0.97,0,1.609,1.043,1.32,1.328,1.235,2.368,2.224,1.302,1.392
"MOO",4.8,0.05,0.15,0.15,0.2,0.8,0,0.167,2.333,2.167,0.167,0.523,0.224,0.366,0.366,0.616,1.473,0,0.707,2.223,2.176,0.514
"MOON",0.111,0.056,0.222,0.222,0.056,4.778,0.318,0.591,3.273,0.227,0.318,0.471,0.236,0.647,0.548,0.236,0.428,0.78,1.054,1.956,0.528,0.646
"MOOSE",2.188,0.312,1,0.312,0.875,4.062,0.05,0.75,1.95,0.15,0.25,1.601,0.793,1.506,0.873,1.204,1.692,0.224,1.446,2.114,0.489,0.716
"MOP",1.316,0.105,2.632,0.474,0.737,3.684,1.667,3.905,1.476,0.429,1.333,1.6,0.459,1.802,1.172,0.933,1.565,1.653,1.513,1.806,0.87,1.653
"MORE",1.529,1.118,1.588,1.176,0.824,3.059,0.81,1.571,2.476,1.476,0.952,1.807,1.691,1.873,1.741,1.468,2.221,1.327,1.886,2.136,1.834,1.396
"MORNING",2.353,0.294,0.118,1.706,1.235,3.588,1.632,1.789,3.158,1.684,1.316,1.693,0.985,0.332,1.759,1.821,1.805,1.95,1.96,2.062,1.916,1.827
"MOTORCYCLE",3.562,0,2,0.25,1.062,4.188,3.714,3.905,3,1.095,2.81,1.711,0,2.16,0.775,1.652,1.642,1.707,1.729,2,1.411,1.887
"MOUSE",2.744,0.051,1.744,0.282,0.692,4.077,0.143,1.857,1.619,0.143,0.143,2.048,0.223,1.773,0.944,1.625,1.476,0.359,1.931,1.746,0.478,0.478
"MOUTH",1.211,2,2.579,1.263,0.737,2.947,0.211,0.579,1,4.895,0.053,1.751,1.972,2.116,1.91,1.593,2.368,0.918,1.17,1.826,0.315,0.229
"MOVIE",4.412,0,0.176,0.176,0,4.824,0.381,0.476,4.238,0.762,0.286,0.795,0,0.529,0.529,0,0.393,1.161,1.167,1.513,1.338,1.102
"MUCH",1.875,0.812,1.438,0.938,0.688,3.062,0.476,1.143,1.81,0.762,0.381,2.029,1.721,1.999,1.806,1.702,2.175,1.123,1.652,1.887,1.375,1.024
"MUFFIN",0.944,4.389,3.5,0.778,3.611,3.833,0,1.895,1.158,4.421,0.526,1.662,1.614,1.823,1.353,2.033,1.425,0,1.663,1.463,1.261,0.964
"NAIL",1.571,0.071,4.571,0.214,0,4.429,1.158,4.368,1.842,0.158,0.579,1.91,0.267,1.089,0.426,0,1.505,1.573,1.116,1.951,0.375,1.17
"NAP",0.619,0,0.81,3.238,0,1.762,2.762,2.762,3.81,2.381,3.19,1.203,0,1.569,1.868,0,2.095,1.921,1.841,1.47,2.037,1.778
"NAPKIN",0.438,0.188,3.812,0.062,0.375,4.375,0.526,3.737,2.105,2.421,0.684,0.512,0.544,1.047,0.25,0.619,1.025,1.124,1.593,1.883,2.194,1.293
"NECKLACE",0.312,0,2.625,0.125,0,3.938,0.043,1.739,1.609,0.217,1.783,1.014,0,1.746,0.5,0,1.436,0.209,2.05,1.803,0.6,1.953
"NEED",1.947,0.368,0.895,3.263,0.474,2.211,0.722,1.333,3.333,1.778,1.333,1.87,0.895,1.524,1.661,0.841,2.016,1.32,1.91,1.97,2.157,1.782
"NEW",2.375,2.062,2.688,2.062,2.75,3.938,1.19,1.952,3,1.333,1,2.277,2.462,2.387,2.294,2.352,1.769,1.632,1.774,1.732,1.653,1.549
"NICE",2.412,0.765,0.706,2.176,0.765,2.529,0.526,1.053,2.263,2.684,0.526,1.734,1.348,1.312,1.976,1.348,1.7,1.02,1.58,1.91,2.056,0.964
"NIGHT",2,0.312,0.375,1.312,0.312,4.75,1.15,1.4,3.95,1.15,1.45,2.129,1.25,1.258,1.852,1.25,0.577,2.033,2.234,1.82,1.927,2.282
"NO",4.222,0,0.167,1.444,0,1.944,0.35,1.35,3.6,4.05,0.35,1.353,0,0.514,1.917,0,1.83,0.745,1.387,1.603,1.432,0.745
"NOISY",4.752,0.08,0.244,0.92,0.09,1.006,0.235,0.118,4.353,0.882,0.294,0.769,0.477,0.763,1.412,0.497,1.451,0.562,0.332,1.057,1.691,0.985
"NONE",1,0.389,1.111,0.556,0.389,1.667,0.5,0.75,1.25,0.6,0.55,1.782,1.195,1.844,1.338,1.195,2.086,1.539,1.65,1.916,1.536,1.538
"NOODLE",0.222,4.278,2,0.611,1.667,3.278,0.45,1.8,1.2,3.5,0.75,0.732,0.958,1.879,1.461,1.782,1.994,0.759,1.542,1.735,1.878,1.164
"NOSE",1.19,0.429,3.048,1.143,3,4.238,0.053,1.789,4.211,0.895,0.053,1.806,1.363,1.627,1.852,2.168,1.3,0.229,1.96,1.584,1.729,0.229
"NOT",1.564,0.487,0.513,0.949,0.513,1.487,0.158,0.421,2.053,1.632,0.211,1.847,1.295,1.315,1.503,1.315,1.805,0.501,1.017,2.121,2.06,0.713
"NOW",1.579,1,1.053,2.526,1,2.105,1.15,1.35,1.7,1.25,1,2.194,1.795,1.87,1.896,1.795,2.183,1.899,1.981,2.055,1.832,1.686
"NURSE",2.429,0.143,1.381,0.571,0.238,3.905,1.412,2.353,3.588,2.471,2.353,1.63,0.655,1.746,1.287,0.539,1.609,1.839,1.935,1.734,2.125,1.869
"NUT",0.737,3.789,2.895,0.842,2.105,3.737,0.2,2,1.7,3.1,0.9,1.661,2.07,2.132,1.642,1.729,1.881,0.523,1.806,1.949,1.832,1.714
"OFF",1,0.611,1.333,0.778,0.222,2.389,0.947,2.526,1.895,1.053,0.684,1.237,1.461,1.782,1.478,0.732,2.146,1.682,2.01,1.997,1.682,1.376
"OLD",1.85,1.1,1.5,2.3,1.1,3.35,1.955,2.045,3.773,1.955,2.045,1.424,1.447,1.638,1.895,1.483,1.137,2.081,2.149,1.875,2.149,2.193
"ON",2.235,0.059,0.647,0.471,0.176,3.412,1.053,2.421,2.053,1.053,1,2.166,0.243,1.412,1.068,0.529,2.063,1.81,2.168,2.041,1.682,1.667
"OPEN",1.706,0.059,1.824,0.412,0.294,3.412,1.2,3.15,2.1,2.3,0.65,1.961,0.243,2.243,0.712,0.985,2.123,1.642,2.134,2.125,2.105,1.04
"OTHER",1.476,0.714,1.19,0.857,0.571,2.571,0.6,0.85,1.2,0.6,0.3,1.504,1.488,1.632,1.824,1.248,1.748,1.353,1.663,1.989,1.188,0.801
"OUCH",0.684,0.053,4.105,4.211,0,1.316,2.895,2.895,3.105,3.368,2.737,1.293,0.229,1.41,1.316,0,1.827,1.696,1.56,1.56,1.535,1.727
"OUT",1.35,0.15,1.35,0.35,0.9,3.45,1.7,1.6,1.85,1.45,1.05,1.814,0.671,1.785,0.933,1.683,1.731,1.75,1.93,1.755,1.605,1.538
"OUTSIDE",3.579,0.947,1.947,1.579,3.158,4.421,2.824,2.824,3.529,2.235,2.529,1.305,1.682,2.013,1.895,1.608,0.902,1.912,2.007,1.807,2.078,2.004
"OVEN",1.105,0.158,2.368,0.211,1.789,4.368,0.524,2.762,1.952,0.476,0.81,1.696,0.501,2.06,0.713,1.782,0.895,1.209,1.786,1.83,1.123,1.289
"OVER",1.632,0.105,0.632,1.158,0.316,2.421,1.85,2.1,2,1,1.1,2.114,0.315,1.342,1.608,1.157,1.865,1.981,1.774,1.892,1.556,1.744
"OWL",3.941,0.059,1.059,0.059,0.294,4.647,0,0.722,3.222,0.278,0,1.197,0.243,1.676,0.243,0.588,0.493,0,1.406,2.29,0.752,0
"PAINT",0.25,0.2,2.2,0.25,3.05,4.35,0.647,3.294,2.059,0.529,0.765,0.639,0.696,1.735,0.786,1.791,1.309,1.222,2.054,1.784,1.281,1.091
"PAJAMA",0.167,0,3.278,0.722,0.444,3.444,3.105,3.316,0.895,0.211,3.263,0.514,0,1.904,1.32,1.042,1.58,1.524,1.416,1.449,0.713,1.522
"PANT",3.4,0,0.7,2.05,0.1,2.15,0.944,0.778,1.389,3.833,1.333,1.392,0,1.342,2.012,0.308,1.872,1.765,1.555,1.754,1.618,1.91
"PAPER",1.895,0.105,4.211,0.368,0.684,4.316,0.3,3.45,1.9,0.35,0.35,1.449,0.315,1.032,1.212,0.885,1.157,0.657,1.669,1.889,0.745,0.745
"PARK",1.471,0.059,0.765,0,1.176,4.118,2.65,2.1,2,0.45,1.45,1.736,0.243,1.393,0,1.879,1.409,2.11,2.125,2.026,1.276,1.82
"PARTY",4.176,0.647,0.941,1.471,0.647,4.706,2.286,2.524,3.476,3.095,2.286,1.131,1.367,1.56,1.807,1.272,0.47,1.848,1.806,1.692,1.841,1.678
"PEA",0.1,4.55,2.4,0.25,1.6,4,0.048,1.333,1.095,2.952,0.19,0.447,1.191,2.186,0.786,1.501,1.654,0.218,1.494,1.546,2.179,0.402
"PEN",0.526,0.053,4.316,0.053,0.158,4.211,0.238,4.238,2.286,0.333,0.476,1.307,0.229,0.946,0.229,0.501,1.437,0.7,1.609,2.194,0.913,1.078
"PENCIL",0.211,0.158,3.684,0,0.842,3.684,0.238,3.81,1.143,0.333,0.048,0.631,0.375,1.797,0,1.5,1.734,0.889,1.861,1.621,1.111,0.218
"PENGUIN",1.9,0,1.6,0,0.45,4.45,0.381,1,2.952,0.333,0.429,1.774,0,1.957,0,0.945,1.234,1.161,1.612,1.884,1.065,1.207
"PENNY",0.529,0.059,3.118,0.294,0.412,4.471,0.15,3.45,2.2,0.1,0.05,1.179,0.243,1.799,0.849,0.618,0.717,0.366,1.959,2.215,0.308,0.224
"PEOPLE",3.722,0.944,2.667,1.722,2,4.167,1.941,2.941,3.882,3.176,1.824,1.32,1.589,1.455,1.742,1.283,1.339,2.106,1.853,1.691,2.038,2.038
"PERSON",3.818,0.909,3,1.455,2.091,4.455,2.476,3.381,4.476,3.81,2.429,1.468,1.54,1.512,1.738,1.688,0.858,2.25,1.802,0.981,1.75,2.181
"PICK",1.111,0,1.778,0.333,0.111,2.667,0.895,3.737,2.316,1.263,0.579,1.745,0,1.957,0.767,0.471,2.249,1.41,1.593,1.916,1.79,1.071
"PICKLE",0.824,4.529,2.765,1,3,3.647,0,1.333,0.722,2.722,0,1.185,0.943,1.786,1.768,1.904,1.539,0,1.645,1.487,2.445,0
"PICNIC",1.1,2.4,1.15,0.2,1.65,4.05,2.105,2.632,2.684,3.263,1.421,1.373,2.037,1.565,0.41,1.785,1.605,1.912,2.033,2.083,2.156,1.677
"PICTURE",0.158,0.105,1.684,0.789,0.053,4.632,0.25,1.55,3.6,0.6,0.4,0.501,0.315,1.857,1.619,0.229,0.831,0.716,1.932,1.93,1.095,0.883
"PIG",2.75,1.938,1.25,0.25,2.25,3.75,0.579,1.053,1.895,1.632,0.579,1.693,2.144,1.949,0.683,1.693,1.807,1.465,1.615,2.233,2.033,1.427
"PILLOW",0.529,0,4.882,1.529,1,4.706,0.35,2.55,4.5,0.45,0.8,1.281,0,0.332,1.972,1.837,0.772,0.813,1.791,1.277,0.999,1.281
"PIZZA",0.412,5,1.941,0.706,4.412,4,0,1.895,2.421,4.263,0.684,1.228,0,1.784,1.359,0.939,1.323,0,1.853,1.805,1.408,1.003
"PLANT",0.537,1.732,3.756,0.659,3.341,4.293,0.789,2.737,2.737,1.158,0.579,1.325,1.689,1.135,1.371,1.493,1.23,1.182,1.727,1.593,1.708,0.961
"PLATE",1.2,0.25,3.65,0.25,0.25,4.45,0.55,2.4,2,1.65,0.65,1.609,0.716,1.899,0.91,1.118,0.999,1.05,1.984,1.947,1.785,1.226
"PLAY",3.312,0.375,1.312,2.812,0.688,3.75,3,3.4,3.25,2.5,2.6,1.922,1.088,1.662,1.94,1.537,1.528,1.864,1.818,1.97,2.013,1.903
"PLAYGROUND",2.15,0,2.1,0.6,0.5,4.2,2.5,2.5,2.778,1.222,1.778,1.663,0,1.651,1.142,1.147,1.005,1.978,2.065,1.987,1.896,2.016
"PLEASE",2.842,0.474,0.632,1.474,0.474,1.842,0.762,1.524,2.952,3.095,0.81,1.922,1.429,1.461,1.867,1.429,1.642,1.67,1.861,1.936,2.022,1.537
"POLICE",3.444,0,0.556,0.611,0.056,4.389,0.619,1.238,2.333,1.333,0.524,1.381,0,1.042,1.145,0.236,0.916,1.532,2.095,2.153,1.853,1.289
"PONY",1.789,0.158,2.105,0.211,1.105,3.526,1.65,1.95,2.35,0.5,1.1,1.653,0.688,1.853,0.918,1.15,1.867,1.899,2.038,2.277,1.235,1.651
"POOL",0.882,0.176,3.059,0.353,1.353,4.294,2.35,2.45,2.35,1.65,2.2,1.453,0.728,2.076,1.222,1.766,1.312,2.323,2.282,2.207,2.084,2.262
"POOR",0.833,0.389,0.444,1,0.333,2.944,0.8,1.15,1.8,1.05,0.6,1.654,1.243,1.338,1.749,1.188,1.83,1.056,1.348,1.824,1.504,0.94
"POPCORN",2.688,4.188,2.188,0.812,4.062,3.812,0.053,2.684,2.158,4.316,0.684,1.778,1.515,2.04,1.601,1.389,1.515,0.229,2.187,2.007,1.6,1.108
"PORCH",0.933,0,2.733,0.333,0.467,4.4,2,0.9,0.95,0.35,1.1,1.387,0,2.086,0.9,0.834,0.632,1.919,1.683,1.468,0.933,1.619
"POTATO",0.25,4.55,3.5,0.3,3.4,4.4,0.19,2.333,2.19,3.905,1.381,0.639,1.099,1.878,1.129,1.392,0.821,0.512,1.742,1.887,1.895,1.857
"POTTY",1.562,0.062,2,1.25,2.5,3.25,1.4,1.45,1.2,0.5,2.9,1.548,0.25,1.862,1.983,1.592,1.612,1.847,1.468,1.704,1.192,1.944
"POUR",2.727,0.455,2.091,0.409,0.455,3.636,0.05,3.75,1.6,0.55,0.25,1.932,1.057,1.875,0.908,0.858,1.497,0.224,1.743,2.137,1.234,0.786
"PRESENT",1.389,0.222,1.667,1,0.278,3.5,0.714,2.429,2.571,1.524,1.095,1.754,0.647,1.91,1.237,0.575,1.79,1.554,2.204,2.249,1.914,1.841
"PRETEND",2.85,0.05,0.5,1.85,0.05,2.5,0.444,0.5,2.833,1.278,0.444,2.007,0.224,1.192,1.954,0.224,2.164,0.856,0.786,2.149,1.602,0.856
"PRETTY",0.8,0.1,0.15,1.1,0.6,5,1.1,1.15,3.1,1.6,1.55,1.436,0.308,0.489,1.889,1.314,0,1.997,1.927,2.292,2.088,2.212
"PUDDING",0.286,4.238,2.048,0.667,2.143,3.238,0.048,2.667,1.19,4.524,0.762,0.784,1.609,1.717,1.461,1.621,1.786,0.218,1.461,1.601,0.873,1.091
"PULL",1,0.056,4.389,2.222,0.056,2.389,1.571,4,0.857,0.095,1.143,1.572,0.236,1.29,1.896,0.236,2.062,1.72,1.549,1.276,0.436,1.315
"PUMPKIN",0.444,3.5,3.722,0.667,2.611,4.333,0.381,3.381,3.429,2.619,0.571,1.097,1.79,1.638,1.237,1.944,0.907,0.865,1.532,1.599,2.012,1.076
"PUPPY",3.4,0.2,3.95,0.8,2.35,4.55,1.8,3.9,3.35,1.05,1.85,1.698,0.696,1.572,1.399,1.814,0.686,1.795,1.518,1.954,1.356,1.694
"PURSE",0.333,0,3,0,0.222,4.611,0.4,2.25,1.7,0.75,0.7,0.767,0,2.058,0,0.548,0.979,1.188,1.97,2.08,1.585,1.302
"PUSH",0.5,0,3.944,1.389,0,2.833,2.842,4.421,2.211,0.684,2.526,1.295,0,1.259,1.461,0,1.79,2.007,1.261,2.016,1.108,2.245
"PUT",0.941,0.471,2.471,0.294,0.471,3.176,1.1,4.05,1.55,0.55,0.85,1.298,0.943,1.663,0.772,1.125,1.425,1.553,1.538,1.731,1.538,1.461
"PUZZLE",0.632,0.053,3,0.684,0.105,4.526,0,3.176,3.882,0.412,0.059,1.342,0.229,1.944,1.157,0.459,1.172,0,1.944,1.409,1.004,0.243
"QUIET",4.286,0,0.143,1.333,0,1.143,0.238,0.381,2.524,2,0.238,1.347,0,0.655,1.742,0,1.276,0.7,0.921,2.136,2.214,0.7
"RADIO",4.722,0,1.056,0.278,0,2.556,0.143,3.095,4.476,0.857,0.286,0.826,0,1.765,0.826,0,2.007,0.478,1.841,1.209,1.424,0.784
"RAIN",3.375,1.062,3.625,0.5,2.312,4.062,1.895,2.421,3.579,1.263,2.053,1.31,1.289,1.36,1.211,1.621,1.237,1.941,1.924,1.742,1.759,2.121
"RAISIN",0.19,4.667,2.667,0.667,2.762,3.524,0.25,2.55,1.05,3.55,1.1,0.512,1.111,1.906,1.354,1.921,1.569,0.716,2.038,1.82,2.064,1.683
"READ",1.333,0.111,0.444,0.5,0.111,4.5,0.35,1.3,4.6,1.5,0.1,1.68,0.471,0.784,1.043,0.471,1.043,1.137,1.809,0.94,1.821,0.308
"RED",0.389,0.222,0.222,0.667,0.167,4.556,0.059,0.294,3.412,0.471,0.235,0.916,0.548,0.647,1.372,0.514,0.922,0.243,0.772,2.093,1.068,0.664
"REFRIGERATOR",2.056,0.611,2.611,0.556,1.167,3.778,0.611,3.278,1.833,0.778,0.444,1.83,1.195,1.787,1.149,1.618,1.437,0.916,1.934,1.948,1.437,0.705
"RIDE",1.2,0.15,1.65,1.4,0.35,2.45,3,2.7,2,1.05,2.6,1.542,0.671,1.565,1.667,0.813,2.038,1.835,1.867,1.919,1.395,2.062
"RIP",2.529,0,1.118,0.706,0,2.176,0.316,3.211,1,1.316,0.526,1.736,0,1.453,1.404,0,2.007,0.946,2.175,1.667,1.857,1.124
"ROCK",2,0.45,3.55,0.95,0.7,4.1,1.588,2.647,1.412,0.647,0.706,2,1.05,1.905,1.572,1.38,1.586,1.661,2.09,1.839,1.412,1.532
"ROOF",0.105,0,1,0,0,4.105,1.1,1.35,2.1,0.45,0.4,0.315,0,1.453,0,0,1.41,1.683,1.814,2.075,1.276,1.188
"ROOM",0.8,0,1.5,0.3,1.4,3.95,2.167,1.944,2.556,0.833,1.444,1.399,0,1.821,0.801,1.569,1.468,2.036,1.984,2.036,1.618,1.947
"ROOSTER",3.706,0.235,1.118,0.059,0.647,4.294,0.235,1.118,2.941,0.353,0.294,1.611,0.562,1.317,0.243,0.862,1.047,0.752,1.616,2.045,0.862,0.849
"RUN",1.611,0.111,1,2.389,0.333,3.556,4.955,2.591,2.455,1.636,2.364,2.062,0.471,1.645,2.355,1.029,1.886,0.213,1.943,2.064,1.916,1.989
"SAD",2.294,0.294,0.647,3.353,0.294,2.765,0.905,1.286,4.143,2.667,1.81,2.024,1.213,1.412,2.234,1.213,1.64,1.64,1.848,1.558,2.153,1.99
"SALT",0.438,4.5,2.188,1,0.875,3.25,0.211,1.474,1.579,3.474,0.263,0.964,0.894,1.682,1.549,1.36,1.528,0.535,1.541,1.539,2.038,0.562
"SAME",2.667,1.833,2.278,1.222,1.944,3.333,0.522,0.826,1.739,0.696,0.348,2.029,2.149,2.164,1.927,2.209,2.058,1.123,1.466,1.959,1.222,0.832
"SANDWICH",0.526,4.421,3.474,1.368,3.263,3.895,0.222,3.111,2.333,4.611,1.778,0.905,1.121,1.467,1.978,1.593,1.41,0.732,1.53,1.715,0.778,1.768
"SAUCE",0.35,4.35,1.95,0.7,3.65,3.5,0.25,1.3,1.6,3.2,0.6,0.813,1.565,1.849,1.418,1.631,1.67,0.716,1.525,1.957,2.118,1.142
"SAY",3.9,0.3,0.25,1.1,0.25,1.15,0,0.2,1.7,4.05,0.25,1.447,1.129,1.118,1.774,1.118,1.843,0,0.696,1.949,1.605,0.786
"SCAR",0.279,0.233,3.86,1.349,0.209,3.907,2.227,2.955,2.682,1.409,1.909,0.959,0.895,1.338,1.811,0.804,1.493,2.181,1.963,2.056,1.919,2.068
"SCARF",0.116,0.07,3.884,0.488,0.326,3.488,0.136,1.136,3,2.045,1.273,0.544,0.338,1.651,1.183,0.68,1.844,0.64,1.49,2.138,2.171,1.83
"SCHOOL",2.556,0.056,1.167,0.778,0.833,3.5,2.05,2.25,3,1.85,1.7,1.977,0.236,1.724,1.437,1.505,1.855,1.849,1.803,1.864,1.785,1.72
"SCISSOR",1,0.167,3.056,0.444,0.222,3.444,0.6,3.2,1.35,0.25,0.25,1.372,0.707,2.1,1.149,0.943,1.886,1.314,2.042,1.814,0.786,0.786
"SEE",0.056,0,0,0.333,0,5,0,0,4.857,0.095,0,0.236,0,0,0.84,0,0,0,0,0.655,0.436,0
"SHAKE",1,0.333,2.833,2.889,0.333,2.889,2.4,4.05,2.85,1.5,2.1,1.645,1.188,1.886,1.997,1.188,1.811,2.062,1.395,2.033,2.039,1.832
"SHARE",2.158,0.421,2.105,1.263,0.421,3.368,0.429,3.048,2.286,2.286,0.476,1.922,0.961,1.663,1.327,0.961,1.461,0.87,1.987,1.927,2.077,1.078
"SHE",2.263,0.737,2.053,1.105,1.158,3.579,0.526,0.842,2.474,1.421,1,1.91,1.522,1.87,1.729,1.608,1.677,1.124,1.385,2.144,1.71,1.491
"SHEEP",3.474,0.316,2.105,0.105,1.263,4.105,0.55,2.05,2.7,0.5,0.6,1.926,0.946,2.079,0.459,1.727,1.761,1.099,1.731,1.809,1.147,1.095
"SHIRT",0.333,0.4,4.2,0.533,0.8,4.8,0.143,2.619,1.19,0.143,3.333,1.291,1.298,1.265,1.356,1.74,0.561,0.478,1.936,1.632,0.655,1.853
"SHOP",2.053,0.158,1.947,0.263,0.421,3.842,2.158,2.474,2.526,1.158,1.263,2.013,0.501,1.929,0.733,0.902,1.675,1.772,1.867,1.926,1.385,1.408
"SHORT",0.714,0.095,1.762,0.667,0.143,4.381,1.053,1.105,2.053,0.632,0.842,1.384,0.301,2.095,1.494,0.478,1.284,1.224,1.629,1.929,1.342,1.214
"SHOULDER",0.105,0.053,3.316,0.947,0.053,4.053,0.286,2.952,1.333,0.286,2.81,0.315,0.229,1.376,1.615,0.229,0.97,0.784,1.746,2.058,0.717,1.834
"SHOVEL",1,0,3.444,0.167,0.333,4,2.1,4.55,1.45,0.25,2.2,1.455,0,1.977,0.707,0.97,1.283,1.832,1.146,1.932,0.716,1.963
"SHOW",3.133,0.067,1,1.533,0.333,4.467,1,1.857,2.143,1.381,0.857,1.846,0.258,1.604,1.598,0.724,0.915,1.732,1.878,2.151,1.936,1.621
"SHOWER",2.762,0.19,3.762,1.714,1.143,3.619,4,4.389,4.167,2.833,4.056,1.513,0.512,1.044,1.953,1.424,1.284,1.572,1.29,1.505,2.149,1.474
"SICK",1.684,0.526,0.737,3.895,0.842,3.105,1.529,1.824,3.882,3.471,3.176,1.701,1.02,1.195,1.792,1.259,1.729,1.908,1.845,1.799,2.125,1.741
"SIDEWALK",0.4,0.1,2.5,0.45,0.1,4.5,4.238,0.619,2.095,0.095,0.762,0.821,0.308,1.878,1.234,0.308,0.761,1.338,1.284,2.143,0.436,1.3
"SING",4.875,0.062,0.062,2,0,2.25,0.25,0.417,2.583,4.083,1.333,0.342,0.25,0.25,2.16,0,1.949,0.622,0.996,1.676,1.621,1.723
"SINK",0.947,0,2.789,0.789,0.158,4.105,0.81,2.619,1.857,0.857,0.857,1.026,0,1.988,1.228,0.375,1.1,1.436,1.774,1.931,1.493,1.459
"SISTER",3.737,0,1.632,1.579,0.632,4.211,0.8,1.16,1.96,0.96,0.84,1.968,0,1.832,2.036,1.012,1.437,1.708,1.908,2.111,1.767,1.772
"SIT",0.611,0.194,2.306,1.417,0.222,3.194,4.211,1.263,1.368,0.263,3.684,1.337,0.889,1.895,1.888,0.959,1.737,0.976,1.593,1.571,0.733,1.701
"SKATE",1.412,0.118,2.235,1.059,0.235,3.471,3.579,1.105,1.053,0.211,1.737,1.622,0.485,1.786,1.638,0.562,1.505,2.063,1.37,1.9,0.535,1.727
"SKY",0.316,0.105,0.053,0.526,0.105,4.737,0.421,0.526,3.895,0.316,0.526,0.582,0.459,0.229,1.172,0.459,0.653,0.838,1.02,1.56,0.671,1.02
"SLED",0.429,0,1.952,0.619,0,3.905,3,3.944,3.611,0.389,2.333,0.87,0,1.83,1.322,0,1.48,2.029,1.83,1.614,1.037,2.169
"SLEEP",1.143,0,0.762,3.524,0,2.095,1.55,1.4,3.35,1.95,2.25,1.824,0,1.48,1.806,0,2.343,1.605,1.569,1.785,1.731,1.832
"SLEEPY",0.812,0,0.375,4.562,0,2,1.35,1.6,4.35,1.6,1.8,0.981,0,1.025,0.814,0,1.751,1.843,1.984,0.875,1.789,1.908
"SLOW",1.405,0.524,0.905,1.905,0.476,3.905,3.097,2.645,2.71,1.935,1.71,1.697,1.401,1.34,1.923,1.273,1.322,1.904,1.889,2.02,1.965,1.774
"SMILE",0.55,0.3,1.05,2,0.25,4.7,0.105,0.105,1.737,4.316,0.211,1.395,1.129,1.572,1.806,1.118,0.657,0.459,0.459,1.881,1.25,0.631
"SNACK",1.105,4.684,2.842,1.053,3.053,3.263,0.143,1.952,1.762,3.952,0.571,1.1,0.671,1.834,1.433,1.84,1.727,0.655,1.717,2.166,1.802,1.248
"SNEAKER",0.824,0,2.882,0.176,0.824,4.118,3.579,1.053,1.158,0.158,0.105,0.951,0,1.495,0.529,0.883,1.111,2.036,1.545,1.425,0.501,0.459
"SNOW",0.81,1.714,3.619,0.857,0.952,4.095,2.727,3,2.909,1.333,1.576,1.537,2.004,1.987,1.74,1.627,1.758,1.807,1.871,2.006,1.514,1.751
"SOAP",0.095,0.667,3.952,0.095,3.381,3.81,2.35,3.75,2.05,0.45,2.45,0.301,1.354,1.431,0.301,1.431,1.47,1.927,1.743,1.959,1.234,1.932
"SODA",1.529,4.529,1.824,0.706,1.765,3.824,0.045,1.727,1.545,3.682,0.5,1.463,1.007,1.811,1.359,1.64,1.38,0.213,1.882,1.792,1.912,1.012
"SOFA",0.389,0,4.056,0.722,0.389,4.167,2.737,2.474,1.842,0.579,3.158,0.979,0,1.056,1.364,1.195,1.098,1.759,1.775,1.979,1.575,2.007
"SOFT",0.684,0.368,4.526,0.842,0.316,1.947,1.222,3.389,1.722,1.222,1,1.057,0.684,1.172,1.608,0.749,1.615,1.478,1.787,1.565,1.555,1.372
"SOME",1.629,1.057,1.8,1,1.114,2.657,0.571,1.476,1.952,1.095,0.905,1.957,1.697,1.828,1.609,1.778,2.086,1.165,1.569,1.746,1.48,1.546
"SOUP",0.318,4.091,1.273,0.682,3.182,4.045,0.19,2.19,1.619,4.381,0.524,0.568,1.688,1.579,1.129,1.563,1.362,0.68,1.806,1.987,1.161,0.981
"SPAGHETTI",1.062,4.375,2.25,0.5,2.75,3.812,0.105,2.474,2.684,4.632,1.053,1.611,1.088,1.612,0.966,1.807,1.424,0.459,1.954,2.11,0.955,1.779
"SPILL",2,0.056,2.222,0.611,0.611,4.278,1.158,3.474,1.316,0.737,0.632,1.495,0.236,1.665,1.195,1.145,0.895,1.675,1.867,1.635,1.098,1.165
"SPLASH",2.8,0.1,2.6,0.8,0,3.05,2,3.211,1.263,0.263,1.579,1.436,0.308,1.603,1.196,0,1.572,1.795,1.718,1.368,0.733,1.742
"SPOON",0.889,0.389,4.167,0.167,0,4.333,0.238,3.571,0.952,2.667,0.19,1.53,1.195,1.383,0.707,0,1.455,0.768,1.805,1.465,2.309,0.602
"SQUIRREL",2.286,0.2,1.343,0.057,0.143,4.343,0.619,1.095,2.619,1.048,0.762,1.759,0.632,1.731,0.338,0.55,1.187,1.244,1.446,2.037,1.774,1.3
"STAIR",0.842,0.158,2.474,0.316,0.105,3.789,4,0.7,1.2,0.1,0.35,1.119,0.501,2.17,0.946,0.315,1.686,1.589,1.418,1.824,0.447,1.182
"STAND",0.5,0.2,1.5,1.65,0.25,4,4.4,0.55,0.75,0.2,1.8,1.051,0.616,1.638,2.007,0.786,1.214,1.536,1.276,1.552,0.894,1.881
"STAR",0.833,0.111,0.167,0.611,0.167,4.444,0.6,0.9,3.1,1.05,0.75,1.654,0.323,0.514,1.145,0.383,1.199,1.314,1.586,2.198,1.669,1.41
"STAY",1.1,0,0.65,0.6,0,3.35,1.762,1.143,1.667,0.667,1,1.619,0,0.988,0.94,0,1.785,1.868,1.526,1.826,1.278,1.378
"STICK",0.5,0.111,2.722,0.056,0.111,4.111,0.95,3.4,1.95,0.55,0.75,1.043,0.471,1.994,0.236,0.471,1.41,1.669,1.789,1.959,1.395,1.517
"STICKY",0.312,0.375,3.875,0.188,0,2,0.913,3.13,1.043,1.261,0.261,0.793,0.885,1.586,0.75,0,1.549,1.203,1.517,1.637,1.389,0.449
"STONE",0.722,0.389,3.556,0.278,0.056,4.111,1.333,2.952,1.095,0.381,0.19,1.364,1.195,1.504,0.826,0.236,1.183,1.906,2.291,1.895,1.071,0.512
"STOP",2.188,0,0.875,1.125,0,3.562,2.81,2.619,2.762,2.524,2,2.344,0,1.784,2.062,0,1.999,2.015,1.91,1.868,1.806,1.817
"STORE",1.111,0.167,1.389,0.389,0.833,3.944,1.524,2,2.571,1,1.095,1.711,0.514,1.883,0.85,1.098,1.162,1.834,2.025,2.181,1.483,1.578
"STORY",4.357,0.071,0.286,0.5,0.143,2.214,0.211,1,3.421,3.263,0.368,1.151,0.267,0.726,1.16,0.363,1.805,0.918,1.414,1.953,1.881,1.116
"STRAWBERRY",0,4.632,2.632,1.211,3.053,3.789,0.476,2.81,1.905,4.429,0.905,0,0.761,1.674,1.843,1.779,1.782,1.123,1.632,1.868,0.926,1.3
"STREET",1.529,0,1.941,0.412,0.706,4.118,2.7,0.95,2.4,0.5,0.75,1.586,0,1.983,1.004,1.16,1.054,2.296,1.432,2.088,1.051,1.372
"SUN",0.35,0.05,2.2,1.7,0.15,4.7,2.412,2.471,3.529,1.235,2.412,1.182,0.224,1.936,1.72,0.489,0.801,1.873,1.841,1.663,1.522,1.873
"SWEATER",0,0,4.105,0.421,0.421,3.895,0,2.85,1.45,0.05,3.5,0,0,1.286,1.216,0.692,1.663,0,2.007,1.791,0.224,1.906
"SWEEP",1.333,0,2.333,0.222,0.056,3.444,2.524,3.952,1.19,0.143,1.333,1.879,0,2.196,0.548,0.236,1.504,1.123,0.921,1.289,0.478,1.39
"SWIM",2.15,0.55,3.3,1.7,0.9,3.3,4.053,4.158,2.842,2.105,3.211,1.725,1.276,1.75,1.838,1.252,1.658,1.471,1.425,2.062,2.105,1.843
"TABLE",0.684,0.053,3.263,0.158,0.158,4.737,1.65,2.45,1.75,0.55,1.35,1.293,0.229,1.79,0.688,0.501,0.562,1.755,1.905,1.743,1.099,1.663
"TAKE",1.263,0.368,3.421,0.368,0.105,2.737,1.368,3.947,1.842,1.211,1.105,1.727,1.212,1.865,0.761,0.315,2.104,1.862,1.471,1.772,1.782,1.663
"TALK",4.5,0,0,1.167,0,2,0,0.412,2.294,5,0.706,0.857,0,0,1.543,0,1.749,0,0.939,1.961,0,1.649
"TAPE",0.737,0.158,2.368,0.158,0.263,3.789,0.316,3,2.105,0.579,0.316,1.661,0.501,1.535,0.501,0.933,1.475,1.003,1.795,1.997,1.121,0.82
"TASTE",0.235,4.647,0.647,1.824,2,0.941,0,0.2,1.3,5,0.45,0.437,0.996,0.996,1.667,1.5,1.56,0,0.616,1.78,0,1.099
"TEACHER",3.3,0,0.6,0.2,0.3,4.05,0.944,1.222,2.778,1.333,0.944,1.689,0,1.569,0.696,0.923,1.146,1.924,1.927,2.157,2,1.924
"TEAR",1.222,0.556,2.111,1.889,0.111,3.333,0.429,2.524,3.143,1.571,0.429,1.629,1.042,1.568,2.083,0.471,1.645,1.248,2.064,1.905,1.748,1.207
"TELEPHONE",4.15,0.05,3.25,0.25,0.25,4,0,3.35,3.3,3.3,0.15,1.631,0.224,1.743,0.639,0.786,1.522,0,1.694,1.895,2.13,0.366
"THERE",0.812,0,0.625,0.438,0,2.812,1.222,1.333,2.167,0.833,0.556,1.328,0,0.885,0.892,0,1.721,1.896,1.715,2.176,1.505,1.338
"THINK",1.118,0.294,0.529,3.529,0.353,1,0.095,0.143,4.762,0.095,0.19,1.691,1.213,1.505,1.972,1.222,1.696,0.301,0.359,1.091,0.301,0.68
"THIRSTY",0.65,1.8,0.35,4.55,1.1,1.35,0,0.444,1.389,3.889,0.667,1.496,2.093,0.988,0.826,1.889,2.11,0,1.199,1.819,1.844,1.414
"THROW",1.059,0,3,0.882,0,4,0.864,4.591,1.545,0.227,1.409,1.749,0,1.936,1.536,0,1.225,1.246,0.796,1.969,0.869,1.623
"TICKLE",0.875,0,4,3.062,0.125,1.812,2.5,4.111,1.333,0.944,2.722,1.408,0,1.506,2.112,0.342,2.073,2.093,1.641,1.847,1.305,1.965
"TIGER",2.765,0,1.294,0.412,0.529,4.471,0.55,0.95,2.8,0.65,0.35,1.715,0,1.404,1.176,0.943,1.125,1.395,1.701,2.191,1.599,1.182
"TIME",0.833,0,0.056,2.333,0,2,0.81,1.286,2.857,1.095,0.81,1.465,0,0.236,2.086,0,1.815,1.806,1.978,1.931,1.841,1.806
"TINY",0.895,0.368,2.895,0.684,0.211,3.895,0.8,1.65,2.6,0.6,0.85,1.629,1.012,1.792,1.157,0.918,1.524,1.281,1.424,1.93,1.188,1.461
"TIRE",1.2,0.057,2.743,0.571,0.857,4.171,1.429,2.476,1.619,0.429,0.905,1.549,0.236,1.9,1.378,1.216,1.339,1.832,2.089,2.037,1.121,1.48
"TISSUE",0.316,0.105,3.263,0.368,0.316,4.053,0.55,2.75,2.05,1.2,0.65,0.671,0.459,1.628,1.116,0.582,1.129,1.05,1.888,1.849,1.473,1.04
"TOAST",0.824,4.647,3.353,0.529,3.529,4.294,0.238,2.762,1.524,3.714,0.429,1.237,0.606,1.693,1.231,1.505,0.92,0.889,1.729,1.75,1.927,1.076
"TODAY",1.056,0.278,0.278,1.778,0.278,2.5,1.143,1.429,2.714,1.571,1.333,1.765,1.179,1.179,1.665,1.179,1.886,1.459,1.63,1.848,1.805,1.683
"TOE",0.158,0.158,3.474,1.158,0.789,4.368,4.25,0.3,0.85,0.05,0.05,0.501,0.501,1.867,1.608,1.437,1.165,1.832,1.129,1.814,0.224,0.224
"TOMORROW",0.474,0.158,0.105,0.632,0.158,1,0.526,0.421,2.158,0.579,0.421,1.124,0.501,0.315,1.342,0.688,1.563,1.349,1.305,2.141,1.427,1.305
"TONGUE",0.318,2.364,2.864,1.636,0.227,3.364,0.222,0.667,0.778,4.944,0.333,0.716,2.083,1.885,1.891,0.685,1.706,0.732,1.372,1.263,0.236,0.767
"TONIGHT",1.529,0.294,0.588,1.118,0.706,2.588,1.25,1.35,3.25,1.2,1.4,1.663,0.686,1.326,1.536,1.404,2.093,1.916,1.927,1.97,1.908,1.93
"TOOTH",0.5,0.812,3.375,1.375,0.062,3.25,0,0.667,1.5,4.111,0,0.894,1.424,1.5,1.821,0.25,1.88,0,0.97,2.121,1.711,0
"TOOTHBRUSH",0.941,1,2.941,0.412,0.235,4.059,0.056,3.222,1.833,3.722,0.278,1.249,1.541,2.045,1.004,0.664,1.749,0.236,2.184,2.036,2.081,0.958
"TOUCH",0.562,0,4.875,1.312,0,2.625,1.85,4.9,1.9,1.3,1.45,1.413,0,0.5,1.621,0,2.029,2.231,0.308,2.245,2.003,1.932
"TOWEL",0.522,0,4.13,0.261,0.522,4.348,2.619,3.905,2.524,0.714,2.952,1.31,0,1.456,0.864,1.163,0.885,1.857,1.7,2.159,1.231,1.802
"TOY",2.7,0.05,3.45,0.35,0.25,4.35,1.095,3.286,2.095,0.333,0.81,1.809,0.224,1.432,0.875,0.639,0.933,1.261,1.821,1.895,0.658,1.123
"TRACTOR",3.4,0.267,2.4,0.267,0.333,4.2,2.368,2.737,2.474,0.684,1.474,1.682,0.704,2.098,0.594,0.724,1.424,2.033,2.077,1.867,1.6,1.775
"TRAIN",4.211,0,0.579,0.158,0.158,4.421,1.25,1.35,2.35,0.65,0.95,1.316,0,1.261,0.501,0.375,1.346,1.773,1.843,2.007,1.531,1.605
"TRASH",0.688,0.25,2.375,0.5,3.625,3.875,1,3.059,2.588,0.941,0.882,0.946,0.775,1.928,1.033,1.668,1.708,1.5,1.886,2.033,1.853,1.495
"TRAY",0.737,0,3.421,0.158,0.053,3.684,0.647,3.176,1.824,0.235,0.529,1.24,0,1.835,0.688,0.229,1.701,1.272,1.912,1.879,0.562,1.068
"TREE",1.45,0.3,2.9,0.6,1.5,4.75,0.6,2.45,2.95,0.3,0.65,1.791,1.129,1.714,1.392,1.395,0.444,1.095,1.761,2.064,0.923,1.137
"TRICYCLE",0.938,0.062,2.25,0.062,0.062,4.438,3.25,2.8,2.1,0.7,1.05,1.063,0.25,2.082,0.25,0.25,1.315,2.049,1.795,1.997,1.593,1.276
"TRUCK",3.111,0,2.278,0.333,0.889,4.278,2.043,2.043,2.609,0.652,0.957,1.779,0,2.191,0.97,1.278,1.447,1.894,1.942,2.126,1.434,1.492
"TRY",1.3,0.75,0.7,1.65,0.25,2.5,2.579,3.211,3.579,2.105,2.526,1.525,1.164,1.342,1.694,0.786,1.878,1.865,1.96,1.71,1.912,1.837
"TUMMY",1,0.105,3.316,2.526,0.421,3.105,0.174,1.435,1.174,0.913,4.391,1.054,0.315,1.765,1.896,0.902,1.969,0.65,1.805,1.302,1.505,1.469
"TUNA",0.059,4.176,2,0.412,3.471,4.118,0.263,1.947,2.158,4,0.684,0.243,1.237,1.173,1.228,1.663,1.054,0.733,1.81,2.167,1.732,1.157
"TURTLE",0.556,0.278,1.944,0.111,0.5,4.278,0.789,1.632,1.684,0.263,0.316,0.705,0.575,1.765,0.323,0.857,1.274,1.357,1.921,1.916,0.733,0.749
"UNCLE",3.4,0.1,1.65,0.45,0.85,4.15,0.611,0.889,2.5,1.278,0.611,2.113,0.447,1.663,0.999,1.461,1.599,1.29,1.367,1.917,1.708,1.243
"UNDER",0.7,0.25,1.1,0.85,0.4,3.15,1.526,1.526,2.368,0.842,1.368,1.418,0.786,1.619,1.531,1.273,1.872,1.775,1.775,2.114,1.463,1.862
"UNDERPANTS",0.333,0.167,3.167,0.722,0.611,4.111,2,0.9,0.6,0.1,1.95,0.686,0.383,1.618,1.227,0.778,0.758,1.974,1.447,1.231,0.308,2.139
"UP",0.6,0,1.333,2.067,0,4.133,2.55,3.05,2.7,1.65,2.15,1.352,0,2.024,2.251,0,1.457,2.164,2.064,2.179,2.007,2.033
"VACUUM",3.15,0.05,2.7,0.8,0.3,3.5,1.2,3.05,1.85,0.4,0.75,1.954,0.224,1.922,1.436,0.571,1.762,1.473,1.877,1.899,1.188,1.251
"VANILLA",0,4.556,0.833,0.056,3.556,2.611,0,0.7,1.85,3.3,0.4,0,1.247,1.689,0.236,1.542,2.146,0,1.342,2.134,1.976,1.273
"VITAMIN",0,3.235,2,0.353,0.941,4.118,0.429,1.048,1.381,2.905,0.476,0,1.954,2.062,0.862,1.478,1.453,1.121,1.746,1.884,1.841,1.209
"WAIT",0.895,0.105,0.474,1.737,0.105,1.632,1.9,1.6,2.8,1.05,1.55,1.487,0.459,0.964,1.79,0.459,2.087,1.832,1.698,2.016,1.432,1.572
"WAKE",1.833,0.111,1.056,3.944,0.389,2.444,1.15,1.3,3.15,0.75,1.05,1.757,0.471,1.589,1.474,0.85,1.886,1.663,1.559,1.927,1.41,1.572
"WALK",0.765,0,1.588,2.529,0.176,3.118,4.947,1.368,1.105,0.526,1.263,1.437,0,2.002,1.807,0.728,1.965,0.229,1.461,1.243,1.02,1.368
"WALKER",0.765,0,1.353,0.294,0,3.765,3.25,1.6,1.15,0.35,0.95,1.3,0,1.967,0.985,0,1.522,2.221,1.698,1.814,0.875,1.538
"WASH",1.688,0.5,3,0.938,2,3.25,1.368,4.158,2.316,0.895,1.368,1.852,1.155,1.633,1.289,1.673,1.844,1.739,1.463,1.827,1.663,1.707
"WATER",2.857,3.667,3.524,1.048,0.571,4.19,1.895,3.211,2.842,4,2.105,1.682,1.592,1.401,1.532,1.028,1.25,2.052,1.782,2.089,1.7,1.997
"WET",1.636,1.182,4.5,2,0.955,3.045,2.524,3.143,2.333,3.238,2.429,1.761,1.563,0.964,1.976,1.253,1.939,1.834,1.682,1.826,1.814,1.805
"WHAT",1.682,0.636,0.682,1.182,0.636,1.364,0.19,0.524,2.429,2.048,0.238,2.033,1.649,1.644,1.736,1.649,1.677,0.512,0.928,2.204,2.224,0.539
"WHEN",0.647,0,0,0.882,0,0.824,0.368,0.263,1.947,0.737,0.526,0.996,0,0,1.536,0,1.237,1.012,0.733,1.84,1.24,1.073
"WHERE",1.842,0.263,0.842,0.842,1,2.947,1.45,1.15,2.5,1.55,0.75,1.922,0.806,1.537,1.74,1.374,2.172,1.959,1.599,2.283,2.089,1.41
"WHITE",0.3,0,0.05,0,0,4.6,0.4,0.65,2.8,0.4,0.5,0.801,0,0.224,0,0,1.188,1.273,1.496,2.191,0.883,1.395
"WHO",1.938,0.125,0.688,0.188,0.25,2.25,0.217,0.522,1.826,1.043,0.348,1.526,0.5,1.195,0.544,0.683,1.77,0.671,1.238,1.969,1.551,1.027
"WHY",2.312,0.5,0.625,1.188,0.438,1.562,0.15,0.6,1.45,1.25,0.15,2.089,1.317,0.885,1.424,0.892,1.632,0.671,1.231,2.012,1.832,0.671
"WILL",2.143,0.19,0.952,2.429,0.19,2.571,0.789,1.368,3,1.684,0.842,1.931,0.873,1.717,2.249,0.873,2.039,1.398,1.606,2.16,1.887,1.385
"WIND",3.062,0,3.688,0.25,0.625,1.062,2.368,3.105,3.526,2.368,2.842,1.611,0,1.662,0.775,1.088,1.526,2.033,1.629,1.679,2.033,1.834
"WINDOW",0.765,0.118,2.412,0.118,0.118,4.706,0.35,2.5,3.3,0.45,0.55,1.147,0.485,1.938,0.485,0.485,0.686,0.933,1.906,2.003,1.395,0.887
"WIPE",0.824,0.059,3.882,0.588,0.353,3.176,0.4,4.2,0.85,0.4,0.95,1.334,0.243,1.219,1.228,0.996,1.59,0.821,1.436,1.387,0.995,1.234
"WISH",2.583,0,0.042,2.375,0,0.958,0.3,0.55,3.3,1.75,0.4,2.185,0,0.204,1.907,0,1.459,0.801,1.191,1.625,1.773,0.883
"WITH",2.562,1.188,2.125,1.438,1.188,3.5,0.7,0.7,2.05,0.5,0.5,1.896,1.797,1.893,1.896,1.721,1.826,1.218,1.174,1.932,1.147,1
"WOLF",2.722,0.556,1.778,0.389,0.722,4.111,0.545,0.955,3.045,1.091,0.364,2.321,1.149,1.987,1.243,1.565,1.906,1.184,1.253,2.081,1.77,0.79
"WOOD",0.579,0.316,3.368,0.368,1.895,4.263,1.35,2.75,2.5,0.35,0.5,0.961,0.82,1.606,1.116,1.629,1.098,1.927,2.149,2.065,0.813,1.235
"WRITE",1.116,0.279,3.163,1.186,0.256,3.651,0.227,4.727,2.364,0.273,0.409,1.636,1.054,1.772,1.763,0.875,1.771,0.752,0.703,2.06,0.767,0.854
"YARD",0.667,0.167,2.056,0.444,1.667,4.778,2.19,1.714,3.19,0.333,0.81,1.455,0.514,2.1,1.149,2.029,0.428,2.015,2.053,2.04,1.111,1.365
"YELLOW",0.176,0.294,0.176,0.353,0.235,4.588,0.105,0.263,3.263,0.158,0.263,0.529,0.849,0.529,0.702,0.752,0.87,0.315,0.806,1.939,0.501,0.562
"YES",4.222,0.167,0.278,1.944,0.111,2.111,0.524,1.19,2.286,2.238,0.524,1.06,0.514,0.826,1.955,0.323,1.997,1.167,1.601,2.125,2.234,1.123
"YESTERDAY",0.833,0.278,0.083,0.944,0.167,1.028,0.469,0.5,2.844,0.625,0.5,1.521,0.779,0.368,1.511,0.561,1.63,1.295,1.32,2.127,1.385,1.32
"YOGURT",0.474,4.526,2.421,0.737,2.579,3.579,0.158,1.947,1.421,3.789,0.579,0.905,1.172,1.835,1.485,1.924,1.427,0.375,1.747,1.774,1.718,0.961
"YOU",2.5,0.556,3,3.722,1.389,3.556,3.263,3.526,4.421,3.842,3.526,2.007,1.247,1.815,1.447,1.883,1.688,2.207,2.091,1.305,1.864,2.245
"YUCKY",1.444,3,1.833,1.889,2.667,3,0.778,1.278,2.389,3.5,0.556,1.723,1.847,1.654,1.779,1.749,1.815,1.309,1.742,2.146,1.79,0.922
"ZEBRA",1.944,0.111,1.944,0.056,1.278,4,0.667,1.143,2.619,0.571,0.571,1.83,0.471,2.155,0.236,1.602,1.645,1.461,1.824,2.312,1.287,1.363
"ZIPPER",2.4,0,3.6,0.4,0,4,0.857,4,1.571,0.143,1.429,1.698,0,1.429,0.94,0,1.257,1.852,1.643,1.989,0.655,2.063
"ZOO",2.933,0.067,2.067,0.733,2.933,3.533,2.692,1.692,3.923,0.923,1,2.017,0.258,1.831,1.163,2.251,2.232,1.75,1.251,1.656,0.954,1.414
